0.857000,2.000000,64
0.560000,3.000000,64
0.746000,4.000000,64
1.291000,5.000000,64
0.694000,6.000000,64
1.827000,7.000000,64
0.545000,8.000000,64
0.937000,2.000000,64
1.404000,3.000000,64
1.792000,4.000000,64
1.145000,5.000000,64
7.471000,6.000000,64
4.001000,7.000000,64
20.417999,2.000000,64
3.749000,3.000000,64
0.493000,4.000000,64
0.726000,5.000000,64
0.344000,6.000000,64
0.673000,7.000000,64
16.561001,8.000000,64
1.128000,9.000000,64
0.641000,10.000000,64
16.127001,11.000000,64
0.551000,12.000000,64
0.789000,13.000000,64
0.542000,14.000000,64
49.597000,15.000000,64
1.729000,2.000000,64
5.315000,3.000000,64
16.243999,4.000000,64
31.591999,5.000000,64
16.320999,6.000000,64
24.191000,7.000000,64
15.982000,8.000000,64
16.079000,9.000000,64
1.257000,10.000000,64
29.424000,11.000000,64
29.087000,12.000000,64
30.885000,13.000000,64
39.305000,14.000000,64
18.134001,15.000000,64
5.301000,2.000000,64
2.167000,3.000000,64
1.334000,4.000000,64
0.929000,5.000000,64
0.650000,6.000000,64
0.644000,7.000000,64
0.984000,8.000000,64
0.788000,9.000000,64
1.318000,10.000000,64
0.755000,11.000000,64
1.054000,2.000000,64
0.501000,3.000000,64
5.295000,4.000000,64
0.471000,5.000000,64
1.313000,6.000000,64
1.288000,7.000000,64
0.458000,8.000000,64
0.706000,9.000000,64
0.564000,10.000000,64
30.597000,11.000000,64
0.518000,1.000000,2
20.837999,2.000000,2
0.730000,2.500000,2
2.232000,2.900000,2
22.416016,3.244828,2
47.226013,3.553010,2
21.176001,3.834462,2
37.369999,4.095255,2
0.475000,2.000000,64
0.298000,3.000000,64
0.239000,4.000000,64
0.263000,5.000000,64
0.358000,6.000000,64
0.345000,7.000000,64
0.456000,8.000000,64
0.566000,9.000000,64
0.207000,10.000000,64
0.348000,11.000000,64
0.429000,2.000000,64
0.268000,3.000000,64
0.310000,4.000000,64
0.493000,5.000000,64
0.322000,6.000000,64
0.338000,7.000000,64
20.322001,8.000000,64
0.344000,1.000000,2
20.188999,2.000000,2
0.385000,2.500000,2
0.412000,2.900000,2
0.184000,3.244828,2
16.677999,3.553010,2
0.255000,3.834462,2
25.834000,4.095255,2
49.055000,4.339440,2
66.518997,4.569884,2
20.333000,4.788708,2
41.591999,4.997533,2
41.945000,1.000000,2
139.339005,1.000000,2
248.932007,1.000000,2
354.380005,1.000000,2
452.734985,1.000000,2
556.257019,1.000000,2
661.992981,1.000000,2
758.841003,1.000000,2
863.278992,1.000000,2
977.294983,1.000000,2
1083.751953,1.000000,2
1196.703979,1.000000,2
1307.494995,1.000000,2
1448.868042,1.000000,2
1542.925049,1.000000,2
1649.957031,1.000000,2
1759.154053,1.000000,2
1891.661987,1.000000,2
1999.787964,1.000000,2
2109.120117,1.000000,2
2208.989014,1.000000,2
2309.065918,1.000000,2
2409.074951,1.000000,2
2510.241943,1.000000,2
2619.221924,1.000000,2
2729.649902,1.000000,2
2829.067871,1.000000,2
2929.925049,1.000000,2
3039.099121,1.000000,2
3149.410889,1.000000,2
3259.227051,1.000000,2
3369.302002,1.000000,2
3479.988037,1.000000,2
3589.018066,1.000000,2
3699.116943,1.000000,2
3808.981934,1.000000,2
3908.956055,1.000000,2
4019.955078,1.000000,2
4129.045898,1.000000,2
4239.229004,1.000000,2
4339.413086,1.000000,2
4439.166992,1.000000,2
4580.614258,1.000000,2
4679.273926,1.000000,2
4788.984863,1.000000,2
4899.478027,1.000000,2
4999.494141,1.000000,2
5099.048828,1.000000,2
5239.968750,1.000000,2
5339.505859,1.000000,2
5439.220215,1.000000,2
5549.577148,1.000000,2
5648.980957,1.000000,2
5758.897949,1.000000,2
5858.724121,1.000000,2
5969.186035,1.000000,2
6069.136230,1.000000,2
6179.383789,1.000000,2
6279.357910,1.000000,2
6379.918945,1.000000,2
6489.536133,1.000000,2
6599.073242,1.000000,2
6698.875977,1.000000,2
6808.538086,1.000000,2
6908.501953,1.000000,2
7008.381836,1.000000,2
7118.520020,1.000000,2
7228.593750,1.000000,2
7339.216797,1.000000,2
7458.364258,1.000000,2
7568.549805,1.000000,2
7678.644043,1.000000,2
7779.058105,1.000000,2
7888.854004,1.000000,2
7988.275879,1.000000,2
8098.854004,1.000000,2
8198.286133,1.000000,2
8307.958984,1.000000,2
8408.064453,1.000000,2
8518.287109,1.000000,2
8618.028320,1.000000,2
8727.931641,1.000000,2
8838.362305,1.000000,2
8938.565430,1.000000,2
9047.955078,1.000000,2
9159.084961,1.000000,2
9258.153320,1.000000,2
9368.403320,1.000000,2
9487.966797,1.000000,2
9597.584961,1.000000,2
9707.753906,1.000000,2
9817.702148,1.000000,2
9927.676758,1.000000,2
10027.968750,1.000000,2
10127.701172,1.000000,2
10227.733398,1.000000,2
10337.470703,1.000000,2
10447.472656,1.000000,2
10547.625000,1.000000,2
10668.215820,1.000000,2
10819.707031,1.000000,2
10945.414062,1.000000,2
11041.337891,1.000000,2
11144.268555,1.000000,2
11247.230469,1.000000,2
11372.346680,1.000000,2
11487.152344,1.000000,2
11626.689453,1.000000,2
11729.682617,1.000000,2
11866.683594,1.000000,2
12005.171875,1.000000,2
12202.418945,1.000000,2
12296.319336,1.000000,2
12411.776367,1.000000,2
12523.543945,1.000000,2
12637.320312,1.000000,2
12786.301758,1.000000,2
12891.753906,1.000000,2
13059.408203,1.000000,2
13197.665039,1.000000,2
13367.558594,1.000000,2
13467.724609,1.000000,2
13581.251953,1.000000,2
13730.598633,1.000000,2
13839.487305,1.000000,2
13948.942383,1.000000,2
14047.018555,1.000000,2
14145.456055,1.000000,2
14247.522461,1.000000,2
14345.366211,1.000000,2
14455.578125,1.000000,2
14558.325195,1.000000,2
14668.960938,1.000000,2
14779.089844,1.000000,2
14891.819336,1.000000,2
15006.725586,1.000000,2
15116.796875,1.000000,2
15246.828125,1.000000,2
15409.221680,1.000000,2
15529.349609,1.000000,2
15629.390625,1.000000,2
15764.954102,1.000000,2
15866.982422,1.000000,2
15994.609375,1.000000,2
16135.809570,1.000000,2
16276.412109,1.000000,2
16404.435547,1.000000,2
16556.210938,1.000000,2
16667.800781,1.000000,2
16789.906250,1.000000,2
16901.375000,1.000000,2
17031.107422,1.000000,2
17148.697266,1.000000,2
17257.148438,1.000000,2
17353.501953,1.000000,2
17465.892578,1.000000,2
17594.193359,1.000000,2
17697.507812,1.000000,2
17813.072266,1.000000,2
17945.417969,1.000000,2
18053.292969,1.000000,2
18178.359375,1.000000,2
18312.437500,1.000000,2
18423.880859,1.000000,2
18562.240234,1.000000,2
18723.091797,1.000000,2
18833.587891,1.000000,2
18933.734375,1.000000,2
19065.875000,1.000000,2
19187.363281,1.000000,2
19303.515625,1.000000,2
19433.009766,1.000000,2
19549.207031,1.000000,2
19652.333984,1.000000,2
19762.199219,1.000000,2
19854.164062,1.000000,2
0.425000,2.000000,64
0.286000,3.000000,64
0.310000,4.000000,64
0.333000,5.000000,64
0.190000,6.000000,64
0.389000,7.000000,64
0.207000,8.000000,64
0.464000,2.000000,64
0.360000,3.000000,64
0.343000,4.000000,64
0.513000,5.000000,64
0.685000,6.000000,64
3.077000,7.000000,64
0.443000,8.000000,64
5.329000,9.000000,64
0.205000,10.000000,64
5.139000,11.000000,64
0.812000,12.000000,64
0.838000,13.000000,64
0.617000,2.000000,64
0.662000,3.000000,64
2.688000,4.000000,64
0.799000,5.000000,64
0.370000,6.000000,64
0.489000,7.000000,64
0.421000,8.000000,64
0.387000,1.000000,2
15.562000,2.000000,2
0.239000,2.500000,2
0.644000,2.900000,2
14.436000,3.244828,2
0.452000,3.553010,2
50.202999,3.834462,2
69.733002,4.095255,2
87.318001,4.339440,2
23.976000,4.569884,2
24.351999,1.000000,2
24.823999,1.000000,2
129.024002,1.000000,2
221.128006,1.000000,2
326.045990,1.000000,2
420.415985,1.000000,2
524.979004,1.000000,2
611.353027,1.000000,2
713.659973,1.000000,2
801.004028,1.000000,2
881.348999,1.000000,2
973.239990,1.000000,2
1080.016968,1.000000,2
1171.588013,1.000000,2
1251.990967,1.000000,2
1341.651978,1.000000,2
1433.696045,1.000000,2
1511.995972,1.000000,2
1600.288086,1.000000,2
1688.229004,1.000000,2
1782.703979,1.000000,2
1863.812988,1.000000,2
1959.090942,1.000000,2
2057.349121,1.000000,2
2139.845947,1.000000,2
2233.148926,1.000000,2
2332.156982,1.000000,2
2423.439941,1.000000,2
2513.232910,1.000000,2
2603.560059,1.000000,2
2683.148926,1.000000,2
2763.964111,1.000000,2
2874.568115,1.000000,2
2970.501953,1.000000,2
3074.798096,1.000000,2
3164.641113,1.000000,2
3253.664062,1.000000,2
3340.813965,1.000000,2
3447.586914,1.000000,2
3538.768066,1.000000,2
3615.267090,1.000000,2
3704.802979,1.000000,2
3795.328125,1.000000,2
3878.721924,1.000000,2
3965.553955,1.000000,2
4045.252930,1.000000,2
4134.002930,1.000000,2
4216.086914,1.000000,2
4315.903809,1.000000,2
4395.991211,1.000000,2
4505.348145,1.000000,2
4597.375000,1.000000,2
4685.747070,1.000000,2
4776.516113,1.000000,2
4860.731934,1.000000,2
4947.586914,1.000000,2
5026.484863,1.000000,2
5120.235840,1.000000,2
5196.265137,1.000000,2
5286.161133,1.000000,2
5372.559082,1.000000,2
5456.995117,1.000000,2
5547.193848,1.000000,2
5636.497070,1.000000,2
5730.294922,1.000000,2
5807.714844,1.000000,2
5887.708008,1.000000,2
5976.675781,1.000000,2
6058.034180,1.000000,2
6147.664062,1.000000,2
6237.423828,1.000000,2
6318.272949,1.000000,2
6409.001953,1.000000,2
6499.866211,1.000000,2
6587.620117,1.000000,2
6668.477051,1.000000,2
6757.931152,1.000000,2
6838.987793,1.000000,2
6917.849121,1.000000,2
6998.140137,1.000000,2
7088.263184,1.000000,2
7168.856934,1.000000,2
7258.114258,1.000000,2
7347.991211,1.000000,2
7437.803223,1.000000,2
7518.256836,1.000000,2
7609.433105,1.000000,2
7698.215820,1.000000,2
7778.015137,1.000000,2
7858.877930,1.000000,2
7948.932129,1.000000,2
8038.207031,1.000000,2
8132.196777,1.000000,2
8208.362305,1.000000,2
8298.731445,1.000000,2
8390.400391,1.000000,2
8469.199219,1.000000,2
8558.969727,1.000000,2
8640.240234,1.000000,2
8732.821289,1.000000,2
8809.952148,1.000000,2
8888.890625,1.000000,2
8979.754883,1.000000,2
9069.249023,1.000000,2
9158.763672,1.000000,2
9248.734375,1.000000,2
9343.292969,1.000000,2
9425.587891,1.000000,2
9528.909180,1.000000,2
9610.570312,1.000000,2
9689.902344,1.000000,2
9779.532227,1.000000,2
9870.203125,1.000000,2
9949.010742,1.000000,2
10039.991211,1.000000,2
10119.736328,1.000000,2
10199.963867,1.000000,2
10280.191406,1.000000,2
10370.816406,1.000000,2
10457.828125,1.000000,2
10550.223633,1.000000,2
10630.205078,1.000000,2
10720.268555,1.000000,2
10809.500000,1.000000,2
10899.377930,1.000000,2
10989.673828,1.000000,2
11089.983398,1.000000,2
11180.039062,1.000000,2
11260.298828,1.000000,2
11340.533203,1.000000,2
11429.761719,1.000000,2
11519.539062,1.000000,2
11650.393555,1.000000,2
11751.217773,1.000000,2
11831.805664,1.000000,2
11920.355469,1.000000,2
12018.006836,1.000000,2
12101.175781,1.000000,2
12181.155273,1.000000,2
12269.713867,1.000000,2
12360.070312,1.000000,2
12450.950195,1.000000,2
12539.945312,1.000000,2
12630.535156,1.000000,2
12712.048828,1.000000,2
12790.314453,1.000000,2
12881.332031,1.000000,2
12978.786133,1.000000,2
13060.476562,1.000000,2
13141.019531,1.000000,2
13221.438477,1.000000,2
13310.271484,1.000000,2
13390.437500,1.000000,2
13484.349609,1.000000,2
13570.232422,1.000000,2
13650.032227,1.000000,2
13740.008789,1.000000,2
13820.260742,1.000000,2
13901.248047,1.000000,2
13991.372070,1.000000,2
14070.654297,1.000000,2
14170.614258,1.000000,2
14251.673828,1.000000,2
14343.033203,1.000000,2
14431.575195,1.000000,2
14521.092773,1.000000,2
14610.240234,1.000000,2
14696.536133,1.000000,2
14801.415039,1.000000,2
14890.878906,1.000000,2
14972.313477,1.000000,2
15060.583984,1.000000,2
15140.613281,1.000000,2
15230.689453,1.000000,2
15332.266602,1.000000,2
15410.839844,1.000000,2
15494.252930,1.000000,2
15571.166016,1.000000,2
15650.766602,1.000000,2
15740.194336,1.000000,2
15821.807617,1.000000,2
15911.457031,1.000000,2
16007.635742,1.000000,2
16100.122070,1.000000,2
16180.421875,1.000000,2
16270.675781,1.000000,2
16350.997070,1.000000,2
16431.273438,1.000000,2
16520.011719,1.000000,2
16613.738281,1.000000,2
16690.500000,1.000000,2
16780.138672,1.000000,2
16870.164062,1.000000,2
16959.960938,1.000000,2
17040.800781,1.000000,2
17130.144531,1.000000,2
17220.500000,1.000000,2
17310.376953,1.000000,2
17400.601562,1.000000,2
0.553000,2.000000,64
0.964000,3.000000,64
15.354000,4.000000,64
0.583000,5.000000,64
0.334000,6.000000,64
0.276000,7.000000,64
0.483000,8.000000,64
0.266000,9.000000,64
1.386000,10.000000,64
0.438000,11.000000,64
0.436000,2.000000,64
0.367000,3.000000,64
0.340000,4.000000,64
0.484000,5.000000,64
0.421000,6.000000,64
0.688000,7.000000,64
0.210000,8.000000,64
0.289000,9.000000,64
5.198000,10.000000,64
0.423000,2.000000,64
0.452000,3.000000,64
0.359000,4.000000,64
0.551000,5.000000,64
0.200000,6.000000,64
0.625000,7.000000,64
0.532000,8.000000,64
0.222000,9.000000,64
0.309000,10.000000,64
0.228000,1.000000,2
25.382999,2.000000,2
0.406000,2.500000,2
0.204000,2.900000,2
0.595000,3.244828,2
28.188999,3.553010,2
27.573999,3.834462,2
0.519000,2.000000,64
0.549000,3.000000,64
0.418000,4.000000,64
3.377000,5.000000,64
0.316000,6.000000,64
0.177000,7.000000,64
0.284000,8.000000,64
3.370000,1.000000,2
18.480000,2.000000,2
0.424000,2.500000,2
0.413000,2.900000,2
0.372000,3.244828,2
0.481000,3.553010,2
0.188000,3.834462,2
35.490002,4.095255,2
55.771000,4.339440,2
60.567001,4.569884,2
0.763000,4.788708,2
1.027000,1.000000,2
126.649002,1.000000,2
252.837006,1.000000,2
365.098999,1.000000,2
480.270996,1.000000,2
603.388000,1.000000,2
725.790039,1.000000,2
840.908020,1.000000,2
975.244995,1.000000,2
1093.415039,1.000000,2
1194.328003,1.000000,2
1312.467041,1.000000,2
1415.813965,1.000000,2
1536.583008,1.000000,2
1671.394043,1.000000,2
1784.798950,1.000000,2
1965.371948,1.000000,2
1977.989014,1.000000,2
2093.870117,1.000000,2
2205.545898,1.000000,2
2330.472900,1.000000,2
2453.685059,1.000000,2
2576.729004,1.000000,2
2713.458984,1.000000,2
2835.866943,1.000000,2
2953.910889,1.000000,2
3085.528076,1.000000,2
3199.833984,1.000000,2
3358.323975,1.000000,2
3467.405029,1.000000,2
3616.616943,1.000000,2
3790.750000,1.000000,2
3913.510986,1.000000,2
4036.065918,1.000000,2
4154.291016,1.000000,2
4303.337891,1.000000,2
4435.023926,1.000000,2
4583.088867,1.000000,2
4719.574219,1.000000,2
4834.736816,1.000000,2
4961.041992,1.000000,2
5074.717773,1.000000,2
5236.128906,1.000000,2
5362.922852,1.000000,2
5487.768066,1.000000,2
5590.336914,1.000000,2
5708.419922,1.000000,2
5821.670898,1.000000,2
5961.091797,1.000000,2
6080.854004,1.000000,2
6198.310059,1.000000,2
6303.437988,1.000000,2
6442.824219,1.000000,2
6557.868164,1.000000,2
6673.502930,1.000000,2
6795.091797,1.000000,2
6924.273926,1.000000,2
7088.129883,1.000000,2
7217.060059,1.000000,2
0.465000,2.000000,64
0.362000,3.000000,64
0.483000,4.000000,64
0.371000,5.000000,64
0.334000,6.000000,64
0.625000,7.000000,64
0.381000,8.000000,64
0.283000,1.000000,2
11.403000,2.000000,2
0.470000,2.500000,2
0.564000,2.900000,2
0.204000,3.244828,2
0.489000,3.553010,2
19.796000,3.834462,2
50.298000,4.095255,2
23.879000,4.339440,2
26.847000,4.569884,2
0.384000,2.000000,64
0.852000,3.000000,64
0.359000,4.000000,64
0.213000,5.000000,64
0.355000,6.000000,64
0.390000,7.000000,64
0.472000,8.000000,64
0.210000,9.000000,64
0.384000,10.000000,64
0.410000,2.000000,64
0.387000,3.000000,64
0.401000,4.000000,64
0.405000,5.000000,64
0.367000,6.000000,64
0.320000,7.000000,64
0.656000,8.000000,64
0.309000,1.000000,2
20.740999,2.000000,2
2.416000,2.500000,2
0.398000,2.900000,2
0.197000,3.244828,2
1.300000,3.553010,2
0.370000,3.834462,2
20.493999,4.095255,2
16.934999,4.339440,2
17.271000,1.000000,2
30.440001,2.000000,2
2.118000,2.500000,2
23.552000,2.900000,2
0.558000,2.000000,64
0.387000,3.000000,64
0.553000,4.000000,64
0.373000,5.000000,64
0.124000,6.000000,64
0.487000,7.000000,64
0.462000,8.000000,64
0.125000,1.000000,2
27.787001,2.000000,2
0.471000,2.500000,2
0.272000,2.900000,2
0.772000,3.244828,2
0.457000,3.553010,2
0.349000,3.834462,2
26.841999,4.095255,2
27.222000,1.000000,2
43.320000,2.000000,2
48.472000,2.500000,2
72.594002,2.900000,2
79.206001,3.244828,2
0.475000,2.000000,64
0.478000,3.000000,64
0.398000,4.000000,64
0.333000,5.000000,64
0.218000,6.000000,64
0.456000,7.000000,64
0.406000,8.000000,64
0.229000,9.000000,64
0.666000,2.000000,64
0.411000,3.000000,64
0.404000,4.000000,64
0.276000,5.000000,64
0.346000,6.000000,64
0.182000,7.000000,64
0.352000,8.000000,64
0.608000,9.000000,64
8.422000,10.000000,64
0.279000,11.000000,64
2.000000,12.000000,64
1.250000,1.000000,2
17.815001,2.000000,2
0.739000,2.500000,2
64.514000,2.900000,2
0.898000,2.000000,64
0.419000,3.000000,64
0.477000,4.000000,64
0.480000,5.000000,64
0.578000,6.000000,64
0.393000,7.000000,64
0.560000,8.000000,64
0.819000,9.000000,64
0.295000,10.000000,64
0.832000,11.000000,64
0.491000,1.000000,2
28.844000,2.000000,2
0.898000,2.000000,64
0.379000,3.000000,64
0.391000,4.000000,64
0.230000,5.000000,64
0.446000,6.000000,64
0.407000,7.000000,64
0.505000,8.000000,64
0.440000,2.000000,64
0.441000,3.000000,64
0.550000,4.000000,64
0.379000,5.000000,64
0.445000,6.000000,64
0.499000,7.000000,64
0.378000,8.000000,64
0.623000,9.000000,64
0.234000,10.000000,64
0.443000,2.000000,64
0.263000,3.000000,64
0.681000,4.000000,64
15.020000,5.000000,64
0.427000,6.000000,64
0.485000,7.000000,64
0.223000,8.000000,64
0.334000,9.000000,64
0.202000,10.000000,64
0.089000,1.000000,2
4.518000,2.000000,2
0.504000,2.500000,2
0.242000,2.900000,2
0.399000,3.244828,2
21.534973,3.553010,2
4.783000,3.834462,2
0.438000,2.000000,64
0.366000,3.000000,64
0.457000,4.000000,64
0.402000,5.000000,64
0.347000,6.000000,64
0.214000,7.000000,64
0.391000,8.000000,64
0.269000,9.000000,64
0.522000,2.000000,64
0.352000,3.000000,64
0.406000,4.000000,64
0.497000,5.000000,64
0.390000,6.000000,64
1.014000,7.000000,64
0.521000,8.000000,64
0.356000,9.000000,64
0.598000,10.000000,64
0.453000,2.000000,64
1.525000,3.000000,64
0.403000,4.000000,64
0.390000,5.000000,64
0.375000,6.000000,64
0.205000,7.000000,64
0.405000,8.000000,64
0.639000,9.000000,64
1.837000,1.000000,2
15.733000,2.000000,2
0.517000,2.500000,2
0.210000,2.900000,2
0.640000,3.244828,2
0.460000,3.553010,2
16.622000,3.834462,2
41.879002,4.095255,2
56.424000,4.339440,2
9.161000,4.569884,2
20.139000,4.788708,2
20.253000,1.000000,2
114.415001,1.000000,2
201.910995,1.000000,2
303.260010,1.000000,2
410.731995,1.000000,2
528.406982,1.000000,2
530.052002,1.000000,2
606.447998,1.000000,2
720.479004,1.000000,2
804.973022,1.000000,2
889.171021,1.000000,2
978.383972,1.000000,2
1071.835938,1.000000,2
1174.901001,1.000000,2
1246.921021,1.000000,2
1337.927979,1.000000,2
1411.015015,1.000000,2
1488.031982,1.000000,2
1570.886963,1.000000,2
1657.657959,1.000000,2
1750.720947,1.000000,2
1836.839966,1.000000,2
1922.151001,1.000000,2
2006.810059,1.000000,2
2084.643066,1.000000,2
2180.914062,1.000000,2
2262.636963,1.000000,2
2353.810059,1.000000,2
2420.725098,1.000000,2
2529.346924,1.000000,2
2617.983887,1.000000,2
2689.774902,1.000000,2
2803.867920,1.000000,2
2877.801025,1.000000,2
2952.580078,1.000000,2
3041.470947,1.000000,2
3129.751953,1.000000,2
3233.500000,1.000000,2
3333.413086,1.000000,2
3411.081055,1.000000,2
3514.090088,1.000000,2
3634.683105,1.000000,2
3708.455078,1.000000,2
3838.144043,1.000000,2
3924.164062,1.000000,2
4024.512939,1.000000,2
4146.548828,1.000000,2
4253.992188,1.000000,2
4336.111816,1.000000,2
4427.426758,1.000000,2
4518.167969,1.000000,2
4591.505859,1.000000,2
4665.185059,1.000000,2
4739.873047,1.000000,2
4828.953125,1.000000,2
4947.016113,1.000000,2
4951.097168,1.000000,2
5076.230957,1.000000,2
5184.696777,1.000000,2
5303.979980,1.000000,2
5412.342773,1.000000,2
5490.107910,1.000000,2
5578.814941,1.000000,2
5653.333008,1.000000,2
5760.930176,1.000000,2
5844.715820,1.000000,2
5930.146973,1.000000,2
6022.961914,1.000000,2
6104.111816,1.000000,2
6170.944824,1.000000,2
6264.568848,1.000000,2
6348.866211,1.000000,2
6454.433105,1.000000,2
6536.208984,1.000000,2
6630.445801,1.000000,2
6730.718750,1.000000,2
6816.304199,1.000000,2
6889.882812,1.000000,2
6990.051758,1.000000,2
7074.220215,1.000000,2
7154.734863,1.000000,2
7254.376953,1.000000,2
7344.144043,1.000000,2
7436.003906,1.000000,2
7524.231934,1.000000,2
7607.966797,1.000000,2
7700.879883,1.000000,2
7783.895020,1.000000,2
7862.860840,1.000000,2
7964.598145,1.000000,2
8048.631836,1.000000,2
8166.380859,1.000000,2
8189.702148,1.000000,2
8301.155273,1.000000,2
8384.588867,1.000000,2
8478.752930,1.000000,2
8595.082031,1.000000,2
8596.962891,1.000000,2
8726.195312,1.000000,2
8726.612305,1.000000,2
8805.614258,1.000000,2
8897.874023,1.000000,2
8986.557617,1.000000,2
9076.489258,1.000000,2
9188.217773,1.000000,2
9276.116211,1.000000,2
9383.279297,1.000000,2
9503.088867,1.000000,2
9620.329102,1.000000,2
9713.583008,1.000000,2
9808.158203,1.000000,2
9924.661133,1.000000,2
9929.150391,1.000000,2
10024.567383,1.000000,2
10135.762695,1.000000,2
10217.697266,1.000000,2
10305.713867,1.000000,2
10424.528320,1.000000,2
10428.202148,1.000000,2
10539.929688,1.000000,2
10645.374023,1.000000,2
10733.983398,1.000000,2
10831.523438,1.000000,2
10924.968750,1.000000,2
11003.862305,1.000000,2
11089.549805,1.000000,2
11177.705078,1.000000,2
11287.730469,1.000000,2
11372.639648,1.000000,2
11440.829102,1.000000,2
11555.000977,1.000000,2
11661.050781,1.000000,2
11751.215820,1.000000,2
11842.909180,1.000000,2
11938.790039,1.000000,2
12025.781250,1.000000,2
12112.242188,1.000000,2
12216.327148,1.000000,2
12293.231445,1.000000,2
12430.003906,1.000000,2
12531.086914,1.000000,2
12635.149414,1.000000,2
12732.539062,1.000000,2
12814.255859,1.000000,2
12890.901367,1.000000,2
12992.407227,1.000000,2
13102.761719,1.000000,2
13204.762695,1.000000,2
13295.564453,1.000000,2
13411.738281,1.000000,2
13507.431641,1.000000,2
13621.916016,1.000000,2
13702.029297,1.000000,2
13787.196289,1.000000,2
13912.419922,1.000000,2
13913.341797,1.000000,2
13984.750977,1.000000,2
14060.076172,1.000000,2
14145.590820,1.000000,2
14234.155273,1.000000,2
0.645000,2.000000,64
0.464000,2.000000,64
0.641000,2.000000,64
0.398000,3.000000,64
0.461000,4.000000,64
0.200000,5.000000,64
0.494000,6.000000,64
0.458000,7.000000,64
0.548000,8.000000,64
0.280000,9.000000,64
0.410000,10.000000,64
1.166000,11.000000,64
0.571000,2.000000,64
0.335000,3.000000,64
1.187000,4.000000,64
0.508000,5.000000,64
0.868000,6.000000,64
0.432000,7.000000,64
0.405000,8.000000,64
0.292000,1.000000,2
18.974001,2.000000,2
0.516000,2.500000,2
0.227000,2.900000,2
0.354000,3.244828,2
0.359000,3.553010,2
0.328000,3.834462,2
27.488001,4.095255,2
36.403000,4.339440,2
0.666000,4.569884,2
0.510000,2.000000,64
0.396000,3.000000,64
0.413000,4.000000,64
0.396000,5.000000,64
0.275000,6.000000,64
0.449000,7.000000,64
4.279000,8.000000,64
0.391000,9.000000,64
0.475000,10.000000,64
0.505000,2.000000,64
80.473000,1.000000,2
163.731995,1.000000,2
243.837006,1.000000,2
324.181000,1.000000,2
404.457001,1.000000,2
484.772003,1.000000,2
565.112976,1.000000,2
645.432983,1.000000,2
729.018982,1.000000,2
809.335999,1.000000,2
889.664001,1.000000,2
969.957031,1.000000,2
1050.230957,1.000000,2
1130.572021,1.000000,2
1210.905029,1.000000,2
1291.187012,1.000000,2
1371.700928,1.000000,2
1452.197998,1.000000,2
1532.528076,1.000000,2
1612.821045,1.000000,2
1693.146973,1.000000,2
1773.438965,1.000000,2
1853.733032,1.000000,2
1934.042969,1.000000,2
2014.353027,1.000000,2
2094.665039,1.000000,2
2174.993896,1.000000,2
2255.291992,1.000000,2
2335.625977,1.000000,2
2416.083008,1.000000,2
2496.458008,1.000000,2
2576.782959,1.000000,2
2657.057129,1.000000,2
2737.395020,1.000000,2
2817.853027,1.000000,2
2898.184082,1.000000,2
2978.497070,1.000000,2
3058.842041,1.000000,2
3139.174072,1.000000,2
3219.479980,1.000000,2
3300.027100,1.000000,2
3380.361084,1.000000,2
3460.697998,1.000000,2
3541.019043,1.000000,2
3621.655029,1.000000,2
3701.960938,1.000000,2
3782.266113,1.000000,2
3862.662109,1.000000,2
3942.989990,1.000000,2
4023.310059,1.000000,2
4103.641113,1.000000,2
4184.170898,1.000000,2
4264.479980,1.000000,2
4344.809082,1.000000,2
4425.134766,1.000000,2
4505.453125,1.000000,2
4585.759766,1.000000,2
4666.064941,1.000000,2
4746.514160,1.000000,2
4826.916016,1.000000,2
4907.204102,1.000000,2
4987.549805,1.000000,2
5067.860840,1.000000,2
5148.332031,1.000000,2
5228.634766,1.000000,2
5308.952148,1.000000,2
5389.212891,1.000000,2
5469.529785,1.000000,2
5551.639160,1.000000,2
5632.226074,1.000000,2
5720.384766,1.000000,2
5803.447266,1.000000,2
5884.735840,1.000000,2
5964.872070,1.000000,2
6044.999023,1.000000,2
6128.286133,1.000000,2
6208.751953,1.000000,2
6289.311035,1.000000,2
6373.544922,1.000000,2
6453.875977,1.000000,2
6534.108887,1.000000,2
6617.587891,1.000000,2
6698.123047,1.000000,2
6778.450195,1.000000,2
6858.772949,1.000000,2
6939.130859,1.000000,2
7019.699219,1.000000,2
7102.175781,1.000000,2
7182.957031,1.000000,2
7263.237793,1.000000,2
7343.560059,1.000000,2
7423.833008,1.000000,2
7504.377930,1.000000,2
7585.769043,1.000000,2
7665.940918,1.000000,2
7753.748047,1.000000,2
7846.161133,1.000000,2
7931.441895,1.000000,2
8023.157227,1.000000,2
8112.311035,1.000000,2
8192.426758,1.000000,2
8272.660156,1.000000,2
8360.585938,1.000000,2
8440.815430,1.000000,2
8521.899414,1.000000,2
8611.366211,1.000000,2
8692.010742,1.000000,2
8772.143555,1.000000,2
8852.337891,1.000000,2
8936.452148,1.000000,2
9016.576172,1.000000,2
9096.919922,1.000000,2
9177.214844,1.000000,2
9257.366211,1.000000,2
9338.973633,1.000000,2
9421.939453,1.000000,2
9509.748047,1.000000,2
9599.096680,1.000000,2
9679.697266,1.000000,2
9769.375977,1.000000,2
9859.015625,1.000000,2
9950.207031,1.000000,2
0.503000,2.000000,64
0.318000,3.000000,64
0.420000,4.000000,64
0.298000,5.000000,64
0.614000,6.000000,64
0.228000,7.000000,64
1.018000,8.000000,64
0.388000,9.000000,64
0.870000,10.000000,64
0.512000,11.000000,64
0.546000,12.000000,64
13.561000,13.000000,64
0.558000,14.000000,64
0.907000,15.000000,64
0.457000,2.000000,64
0.380000,3.000000,64
0.168000,4.000000,64
0.406000,5.000000,64
0.491000,6.000000,64
0.642000,7.000000,64
0.548000,8.000000,64
0.435000,9.000000,64
0.454000,10.000000,64
0.924000,11.000000,64
1.634000,12.000000,64
0.698000,13.000000,64
0.256000,14.000000,64
1.805000,15.000000,64
0.587000,2.000000,64
3.521000,3.000000,64
0.385000,4.000000,64
0.291000,5.000000,64
0.599000,6.000000,64
0.228000,7.000000,64
0.362000,8.000000,64
0.647000,9.000000,64
0.264000,10.000000,64
0.482000,11.000000,64
0.872000,12.000000,64
0.538000,13.000000,64
0.451000,14.000000,64
1.935000,15.000000,64
0.473000,2.000000,64
0.374000,3.000000,64
0.393000,4.000000,64
0.413000,5.000000,64
0.324000,6.000000,64
0.367000,7.000000,64
0.172000,8.000000,64
0.553000,9.000000,64
0.206000,10.000000,64
0.346000,11.000000,64
0.383000,12.000000,64
0.196000,13.000000,64
39.521000,14.000000,64
0.429000,2.000000,64
0.433000,3.000000,64
0.427000,4.000000,64
0.508000,5.000000,64
0.451000,6.000000,64
0.608000,7.000000,64
0.839000,8.000000,64
0.432000,9.000000,64
0.227000,10.000000,64
0.372000,11.000000,64
0.351000,12.000000,64
0.398000,13.000000,64
0.444000,14.000000,64
0.736000,15.000000,64
0.536000,2.000000,64
0.654000,3.000000,64
0.409000,4.000000,64
0.526000,5.000000,64
1.203000,6.000000,64
0.395000,7.000000,64
0.691000,8.000000,64
0.819000,9.000000,64
0.388000,10.000000,64
0.903000,11.000000,64
0.462000,12.000000,64
0.502000,13.000000,64
0.648000,14.000000,64
15.472000,15.000000,64
0.422000,2.000000,64
0.382000,3.000000,64
0.478000,4.000000,64
1.868000,5.000000,64
0.284000,6.000000,64
0.398000,7.000000,64
1.435000,8.000000,64
0.384000,9.000000,64
0.340000,10.000000,64
0.511000,11.000000,64
0.554000,12.000000,64
0.271000,13.000000,64
0.665000,14.000000,64
3.185000,15.000000,64
0.449000,2.000000,64
0.639000,3.000000,64
0.484000,4.000000,64
0.383000,5.000000,64
0.202000,6.000000,64
0.572000,7.000000,64
0.444000,8.000000,64
0.212000,9.000000,64
0.387000,10.000000,64
0.383000,11.000000,64
0.487000,12.000000,64
0.251000,13.000000,64
0.485000,14.000000,64
0.665000,15.000000,64
0.224000,16.000000,64
0.206000,17.000000,64
0.172000,18.000000,64
0.218000,19.000000,64
0.443000,20.000000,64
0.509000,21.000000,64
0.553000,22.000000,64
0.692000,23.000000,64
0.442000,24.000000,64
0.470000,25.000000,64
0.404000,26.000000,64
0.547000,27.000000,64
0.274000,28.000000,64
0.361000,29.000000,64
0.483000,30.000000,64
0.502000,31.000000,64
0.663000,32.000000,64
0.212000,33.000000,64
0.420000,34.000000,64
0.436000,35.000000,64
2.303000,36.000000,64
0.221000,37.000000,64
0.175000,38.000000,64
0.332000,39.000000,64
0.389000,40.000000,64
0.484000,41.000000,64
0.457000,42.000000,64
0.440000,43.000000,64
0.325000,44.000000,64
0.443000,45.000000,64
0.412000,1.000000,2
19.900000,2.000000,2
0.542000,2.500000,2
0.410000,2.900000,2
0.237000,3.244828,2
0.299000,3.553010,2
0.342000,3.834462,2
0.449000,4.095255,2
0.205000,4.339440,2
0.448000,4.569884,2
0.209000,4.788708,2
0.473000,4.997533,2
0.262000,5.197631,2
0.443000,5.390027,2
0.370000,5.575554,2
0.202000,5.754909,2
0.609000,5.928673,2
0.215000,6.097345,2
0.440000,6.261351,2
0.213000,6.421061,2
0.392000,6.576798,2
0.384000,6.728848,2
0.384000,6.877461,2
0.644000,7.022864,2
0.522000,7.165256,2
0.441000,7.304818,2
0.411000,7.441714,2
0.252000,7.576092,2
0.486000,7.708086,2
0.365000,7.837820,2
0.553000,7.965406,2
0.208000,8.090949,2
0.253000,8.214544,2
0.435000,8.336280,2
0.301000,8.456238,2
0.195000,8.574493,2
0.316000,8.691118,2
0.535000,8.806178,2
0.217000,8.919735,2
0.405000,9.031846,2
0.482000,9.142566,2
0.528000,9.251945,2
0.636000,9.360030,2
0.228000,9.466867,2
0.397000,9.572499,2
0.354000,9.676965,2
0.353000,9.780303,2
0.206000,9.882549,2
0.446000,9.983738,2
0.453000,10.083900,2
0.626000,10.183068,2
0.206000,10.281271,2
0.400000,10.378535,2
0.709000,10.474888,2
0.362000,10.570354,2
0.449000,10.664959,2
0.449000,10.758724,2
0.330000,10.851672,2
0.606000,10.943824,2
0.250000,11.035199,2
0.226000,11.125818,2
0.358000,11.215699,2
0.372000,11.304860,2
0.231000,11.393317,2
0.385000,11.481088,2
0.596000,11.568188,2
0.354000,11.654632,2
0.492000,11.740435,2
0.226000,11.825610,2
0.418000,11.910172,2
0.362000,11.994134,2
30.688000,12.077508,2
0.605000,12.160307,2
0.321000,12.242541,2
5.517000,12.324224,2
0.383000,12.405365,2
0.474000,12.485975,2
0.193000,12.566065,2
0.795000,12.645644,2
0.253000,12.724723,2
0.461000,12.803310,2
0.249000,12.881415,2
0.355000,12.959046,2
0.498000,13.036213,2
0.450000,13.112923,2
0.561000,13.189183,2
1.009000,13.265003,2
0.368000,13.340389,2
0.598000,13.415350,2
0.227000,13.489891,2
0.430000,13.564020,2
0.353000,13.637745,2
0.449000,13.711071,2
0.709000,13.784005,2
3.152000,13.856553,2
0.659000,13.928721,2
0.353000,14.000516,2
0.213000,14.071942,2
0.374000,14.143005,2
0.354000,14.213712,2
0.435000,14.284066,2
1.012000,14.354074,2
0.355000,14.423741,2
0.360000,14.493072,2
0.417000,14.562070,2
3.163000,14.630741,2
0.523000,14.699090,2
0.869000,14.767121,2
0.538000,14.834839,2
0.579000,14.902247,2
0.357000,14.969352,2
0.289000,15.036155,2
0.383000,15.102661,2
0.205000,15.168875,2
0.449000,15.234799,2
0.465000,15.300439,2
0.355000,15.365796,2
0.247000,15.430876,2
0.476000,15.495681,2
5.851000,15.560215,2
0.222000,15.624481,2
0.214000,15.688483,2
0.393000,15.752224,2
0.486000,15.815707,2
0.420000,15.878936,2
0.425000,15.941913,2
0.438000,16.004641,2
0.440000,16.067122,2
22.612000,16.129360,2
0.471000,16.191359,2
0.493000,16.253120,2
0.573000,16.314648,2
0.449000,16.375942,2
0.357000,16.437008,2
0.366000,16.497847,2
0.260000,16.558460,2
0.365000,16.618853,2
0.293000,16.679026,2
0.570000,16.738981,2
0.328000,16.798721,2
0.470000,16.858250,2
0.424000,16.917568,2
0.218000,16.976679,2
20.587999,17.035583,2
0.258000,17.094284,2
0.467000,17.152782,2
0.400000,17.211082,2
0.924000,17.269184,2
0.425000,17.327091,2
0.293000,17.384804,2
0.227000,17.442326,2
0.516000,17.499657,2
0.217000,17.556801,2
0.351000,17.613758,2
0.197000,17.670532,2
0.360000,17.727123,2
0.412000,17.783533,2
18.466999,17.839766,2
0.396000,17.895821,2
0.445000,17.951700,2
0.383000,18.007404,2
0.595000,18.062937,2
0.510000,18.118299,2
0.266000,18.173492,2
0.387000,18.228518,2
0.848000,18.283377,2
0.496000,18.338072,2
0.428000,18.392603,2
0.391000,18.446972,2
0.338000,18.501181,2
0.248000,18.555231,2
0.793000,18.609125,2
0.465000,18.662863,2
6.436000,18.716446,2
0.538000,18.769875,2
0.199000,18.823151,2
0.323000,18.876276,2
0.219000,18.929253,2
0.528000,18.982080,2
0.514000,19.034761,2
0.401000,19.087297,2
1.329000,19.139688,2
0.524000,19.191936,2
0.494000,19.244041,2
0.423000,19.296005,2
0.578000,19.347830,2
0.450000,19.399515,2
0.358000,19.451063,2
0.758000,19.502474,2
26.959999,19.553749,2
0.655000,19.604891,2
0.229000,19.655899,2
0.390000,19.706774,2
0.310000,19.757517,2
0.445000,19.808130,2
0.205000,19.858614,2
29.760000,19.908970,2
0.404000,19.959198,2
0.633000,20.009300,2
0.472000,20.059277,2
0.292000,20.109129,2
0.267000,20.158857,2
1.665000,20.208464,2
0.402000,20.257948,2
0.296000,20.307312,2
0.357000,20.356556,2
0.341000,20.405680,2
0.401000,20.454685,2
0.988000,20.503574,2
0.287000,20.552347,2
0.358000,20.601004,2
0.381000,20.649546,2
0.666000,20.697973,2
0.424000,20.746286,2
0.389000,20.794487,2
0.398000,20.842577,2
26.476000,20.890556,2
0.241000,20.938425,2
0.652000,20.986185,2
2.697000,21.033836,2
0.350000,21.081379,2
0.672000,21.128815,2
0.288000,21.176144,2
0.490000,21.223366,2
0.207000,21.270483,2
0.440000,21.317497,2
0.378000,21.364407,2
0.388000,21.411213,2
0.210000,21.457918,2
0.348000,21.504520,2
0.392000,21.551022,2
0.646000,21.597424,2
0.291000,21.643724,2
0.494000,21.689928,2
0.643000,21.736032,2
0.570000,21.782040,2
0.758000,21.827950,2
0.362000,21.873762,2
0.701000,21.919479,2
19.441999,21.965101,2
0.503000,22.010628,2
0.379000,22.056061,2
0.347000,22.101400,2
29.921000,22.146646,2
0.323000,22.191799,2
0.420000,22.236860,2
0.402000,22.281830,2
0.199000,22.326710,2
0.360000,22.371500,2
0.776000,22.416201,2
0.914000,22.460812,2
30.433001,22.505333,2
0.594000,22.549767,2
0.379000,22.594112,2
0.210000,22.638372,2
0.232000,22.682545,2
0.357000,22.726631,2
18.399000,22.770632,2
0.198000,22.814548,2
0.358000,22.858379,2
0.431000,22.902126,2
14.719000,22.945791,2
0.375000,22.989372,2
0.453000,23.032871,2
0.362000,23.076288,2
0.361000,23.119623,2
0.693000,23.162876,2
0.353000,23.206049,2
0.315000,23.249142,2
0.386000,23.292154,2
0.288000,23.335087,2
0.261000,23.377941,2
23.399000,23.420717,2
0.504000,23.463415,2
0.419000,23.506035,2
0.587000,23.548576,2
0.263000,23.591042,2
0.363000,23.633430,2
0.426000,23.675743,2
0.368000,23.717981,2
0.454000,23.760143,2
37.042999,23.802231,2
0.326000,23.844244,2
0.421000,23.886183,2
19.299000,23.928047,2
0.215000,23.969839,2
0.363000,24.011559,2
0.355000,24.053205,2
0.339000,24.094780,2
4.332000,24.136282,2
0.370000,24.177713,2
0.408000,24.219074,2
0.248000,24.260365,2
0.359000,24.301584,2
0.192000,24.342733,2
0.376000,24.383814,2
0.206000,24.424824,2
0.347000,24.465765,2
0.314000,24.506638,2
0.357000,24.547443,2
0.411000,24.588181,2
0.377000,24.628851,2
0.320000,24.669455,2
0.218000,24.709991,2
0.699000,24.750462,2
0.188000,24.790865,2
0.570000,24.831202,2
0.342000,24.871473,2
0.493000,24.911680,2
0.448000,24.951822,2
11.536000,24.991899,2
0.408000,25.031912,2
0.369000,25.071861,2
0.308000,25.111746,2
0.344000,25.151567,2
0.328000,25.191326,2
0.264000,25.231022,2
0.515000,25.270657,2
0.241000,25.310228,2
0.747000,25.349737,2
0.173000,25.389185,2
4.241000,25.428572,2
0.221000,25.467897,2
0.341000,25.507162,2
0.384000,25.546368,2
1.069000,25.585512,2
0.451000,25.624598,2
0.466000,25.663622,2
0.579000,25.702587,2
0.209000,25.741493,2
0.350000,25.780340,2
0.605000,25.819130,2
0.186000,25.857861,2
0.843000,25.896534,2
0.357000,25.935148,2
0.419000,25.973705,2
0.752000,26.012205,2
0.435000,26.050648,2
0.234000,26.089035,2
21.423000,26.127365,2
0.349000,26.165640,2
0.354000,26.203857,2
0.619000,26.242020,2
0.451000,26.280127,2
0.442000,26.318178,2
0.354000,26.356174,2
0.225000,26.394115,2
0.390000,26.432003,2
0.566000,26.469835,2
0.426000,26.507614,2
0.629000,26.545340,2
0.243000,26.583012,2
0.336000,26.620630,2
1.053000,26.658195,2
0.986000,26.695707,2
0.377000,26.733166,2
0.239000,26.770573,2
0.436000,26.807926,2
33.938999,26.845228,2
0.530000,26.882479,2
2.554000,26.919678,2
0.379000,26.956825,2
0.393000,26.993921,2
0.427000,27.030966,2
0.937000,27.067961,2
0.352000,27.104904,2
20.860001,27.141798,2
0.227000,27.178642,2
0.355000,27.215435,2
0.211000,27.252178,2
0.356000,27.288872,2
0.856000,27.325518,2
0.480000,27.362114,2
20.681000,27.398661,2
0.358000,27.435160,2
16.966999,27.471609,2
0.325000,27.508011,2
0.395000,27.544363,2
0.445000,27.580667,2
22.271973,27.616924,2
0.425000,27.653133,2
0.529000,27.689295,2
0.301000,27.725410,2
0.431000,27.761478,2
0.362000,27.797499,2
0.186000,27.833473,2
0.432000,27.869402,2
0.399000,27.905283,2
0.236000,27.941118,2
0.651000,27.976908,2
0.218000,28.012651,2
0.275000,28.048349,2
0.396000,28.084002,2
0.156000,28.119610,2
4.647000,28.155172,2
0.416000,28.190689,2
0.209000,28.226162,2
0.596000,28.261591,2
0.393000,28.296974,2
0.320000,28.332314,2
0.413000,28.367609,2
0.323000,28.402861,2
0.460000,28.438068,2
4.537000,28.473232,2
0.321000,28.508352,2
0.571000,28.543430,2
20.868999,28.578465,2
0.448000,28.613457,2
0.654000,28.648405,2
0.394000,28.683311,2
0.432000,28.718176,2
0.405000,28.752996,2
0.599000,28.787775,2
0.368000,28.822512,2
0.698000,28.857206,2
0.609000,28.891859,2
0.253000,28.926472,2
0.349000,28.961042,2
3.617000,28.995571,2
0.300000,29.030060,2
0.219000,29.064507,2
0.225000,29.098913,2
0.388000,29.133278,2
6.449000,29.167603,2
0.206000,29.201887,2
0.351000,29.236132,2
0.220000,29.270336,2
0.515000,29.304501,2
0.344000,29.338625,2
0.541000,29.372709,2
0.371000,29.406754,2
2.148000,29.440760,2
0.309000,29.474726,2
0.339000,29.508654,2
0.215000,29.542542,2
0.568000,29.576391,2
0.430000,29.610203,2
0.476000,29.643974,2
0.362000,29.677708,2
0.592000,29.711403,2
0.353000,29.745060,2
1.784000,29.778679,2
1.086000,29.812260,2
0.659000,29.845802,2
0.351000,29.879309,2
0.221000,29.912777,2
0.951000,29.946207,2
0.342000,29.979601,2
0.267000,30.012957,2
0.484000,30.046276,2
0.267000,30.079557,2
0.347000,30.112803,2
0.301000,30.146011,2
0.241000,30.179184,2
0.366000,30.212320,2
0.429000,30.245419,2
27.429001,30.278481,2
25.514999,30.311508,2
0.487000,30.344500,2
0.351000,30.377455,2
0.654000,30.410374,2
0.213000,30.443256,2
0.354000,30.476105,2
0.395000,30.508917,2
0.464000,30.541695,2
0.208000,30.574436,2
14.917000,30.607143,2
0.493000,30.639816,2
0.294000,30.672453,2
0.374000,30.705055,2
0.225000,30.737623,2
0.463000,30.770157,2
0.458000,30.802656,2
0.616000,30.835121,2
0.404000,30.867552,2
0.468000,30.899948,2
1.292000,30.932310,2
0.614000,30.964640,2
0.438000,30.996935,2
0.398000,31.029196,2
0.363000,31.061424,2
0.624000,31.093618,2
0.489000,31.125780,2
0.503000,31.157907,2
0.354000,31.190002,2
0.314000,31.222063,2
0.391000,31.254091,2
0.523000,31.286087,2
18.552000,31.318050,2
0.514000,31.349981,2
0.335000,31.381880,2
0.536000,31.413746,2
0.349000,31.445580,2
0.353000,31.477381,2
0.357000,31.509150,2
0.346000,31.540886,2
0.231000,31.572590,2
0.319000,31.604263,2
0.250000,31.635904,2
0.387000,31.667515,2
0.459000,31.699093,2
0.447000,31.730640,2
0.219000,31.762156,2
0.390000,31.793640,2
25.327000,31.825092,2
2.921000,31.856514,2
0.781000,31.887905,2
4.364000,31.919266,2
0.492000,31.950594,2
0.521000,31.981892,2
0.373000,32.013161,2
0.403000,32.044399,2
0.481000,32.075607,2
0.583000,32.106785,2
0.468000,32.137932,2
0.340000,32.169048,2
0.301000,32.200134,2
26.457001,32.231190,2
0.427000,32.262215,2
0.388000,32.293209,2
0.347000,32.324177,2
0.341000,32.355114,2
0.233000,32.386021,2
0.354000,32.416897,2
0.449000,32.447746,2
0.374000,32.478565,2
22.948000,32.509354,2
0.266000,32.540115,2
0.233000,32.570847,2
0.210000,32.601547,2
0.340000,32.632221,2
23.143999,32.662865,2
0.378000,32.693481,2
3.507000,32.724068,2
0.543000,32.754627,2
23.129000,32.785156,2
0.379000,32.815659,2
1.676000,32.846130,2
0.206000,32.876575,2
5.086000,32.906994,2
0.206000,32.937382,2
0.540000,32.967743,2
0.232000,32.998077,2
0.339000,33.028381,2
0.396000,33.058659,2
0.194000,33.088909,2
0.267000,33.119129,2
0.362000,33.149323,2
0.589000,33.179489,2
0.442000,33.209629,2
0.409000,33.239742,2
0.404000,33.269825,2
0.444000,33.299881,2
15.599000,33.329910,2
0.209000,33.359913,2
1.367000,33.389889,2
0.479000,33.419838,2
0.194000,33.449760,2
0.446000,33.479656,2
0.379000,33.509525,2
0.325000,33.539368,2
0.453000,33.569183,2
0.395000,33.598972,2
0.258000,33.628735,2
0.462000,33.658470,2
0.365000,33.688179,2
0.218000,33.717861,2
0.367000,33.747520,2
17.799999,33.777153,2
0.447000,33.806759,2
0.242000,33.836338,2
0.364000,33.865891,2
0.203000,33.895420,2
0.400000,33.924923,2
0.639000,33.954399,2
0.358000,33.983849,2
0.459000,34.013275,2
0.445000,34.042675,2
0.979000,34.072048,2
0.443000,34.101398,2
0.605000,34.130722,2
0.308000,34.160023,2
24.129999,34.189297,2
1.053000,34.218544,2
0.700000,34.247768,2
9.271000,34.276966,2
0.205000,34.306141,2
1.746000,34.335289,2
0.212000,34.364414,2
0.402000,34.393513,2
0.255000,34.422588,2
0.571000,34.451637,2
0.460000,34.480663,2
9.062000,34.509666,2
0.351000,34.538643,2
0.255000,34.567596,2
0.610000,34.596527,2
16.955000,34.625431,2
1.190000,34.654312,2
0.398000,34.683170,2
17.767000,34.712002,2
0.370000,34.740810,2
0.551000,34.769596,2
0.573000,34.798355,2
0.220000,34.827091,2
2.544000,34.855804,2
0.454000,34.884495,2
0.245000,34.913162,2
0.342000,34.941803,2
19.757000,34.970421,2
0.212000,34.999016,2
20.868000,35.027588,2
0.442000,35.056137,2
0.761000,35.084663,2
0.242000,35.113167,2
0.370000,35.141647,2
0.499000,35.170105,2
0.346000,35.198540,2
0.374000,35.226952,2
0.387000,35.255341,2
0.373000,35.283707,2
0.211000,35.312050,2
0.362000,35.340370,2
0.645000,35.368668,2
0.937000,35.396942,2
0.630000,35.425194,2
25.195000,35.453423,2
1.684000,35.481628,2
0.420000,35.509811,2
0.433000,35.537971,2
0.349000,35.566109,2
0.579000,35.594227,2
0.206000,35.622322,2
0.351000,35.650394,2
0.338000,35.678444,2
0.346000,35.706470,2
1.135000,35.734478,2
0.364000,35.762463,2
28.371000,35.790424,2
1.742000,35.818363,2
0.228000,35.846283,2
1.695000,35.874180,2
0.341000,35.902054,2
0.399000,35.929909,2
0.313000,35.957741,2
0.357000,35.985550,2
26.732000,36.013340,2
0.383000,36.041107,2
0.513000,36.068851,2
0.183000,36.096577,2
0.331000,36.124279,2
0.215000,36.151962,2
0.359000,36.179623,2
0.595000,36.207264,2
0.351000,36.234882,2
0.384000,36.262482,2
0.365000,36.290058,2
0.272000,36.317616,2
0.349000,36.345150,2
1.261000,36.372665,2
0.711000,36.400158,2
0.414000,36.427631,2
0.204000,36.455082,2
5.220000,36.482513,2
0.774000,36.509922,2
0.380000,36.537312,2
0.407000,36.564682,2
0.263000,36.592030,2
0.143000,36.619358,2
0.674000,36.646667,2
0.345000,36.673954,2
0.403000,36.701221,2
0.356000,36.728470,2
0.410000,36.755695,2
0.397000,36.782902,2
0.196000,36.810089,2
0.526000,36.837257,2
0.279000,36.864403,2
0.382000,36.891529,2
16.171000,36.918636,2
0.395000,36.945724,2
0.653000,36.972790,2
0.322000,36.999836,2
0.478000,37.026863,2
0.290000,37.053871,2
4.775000,37.080860,2
1.294000,37.107830,2
0.366000,37.134777,2
0.315000,37.161705,2
0.395000,37.188614,2
0.430000,37.215504,2
0.527000,37.242374,2
0.372000,37.269226,2
0.230000,37.296059,2
0.437000,37.322872,2
0.359000,37.349667,2
0.345000,37.376442,2
0.228000,37.403198,2
0.402000,37.429935,2
0.205000,37.456654,2
0.299000,37.483353,2
0.228000,37.510033,2
0.350000,37.536694,2
27.079000,37.563335,2
0.360000,37.589958,2
0.363000,37.616562,2
0.378000,37.643147,2
0.357000,37.669712,2
0.427000,37.696259,2
1.648000,37.722786,2
0.493000,37.749294,2
0.203000,37.775784,2
0.386000,37.802254,2
0.438000,37.828709,2
0.385000,37.855145,2
0.262000,37.881561,2
0.387000,37.907959,2
0.620000,37.934338,2
0.547000,37.960697,2
0.349000,37.987041,2
0.904000,38.013367,2
0.473000,38.039673,2
0.383000,38.065960,2
0.194000,38.092232,2
0.485000,38.118484,2
0.354000,38.144718,2
2.702000,38.170933,2
0.357000,38.197132,2
29.424000,38.223312,2
0.370000,38.249474,2
1.817000,38.275620,2
1.089000,38.301746,2
0.360000,38.327854,2
0.316000,38.353947,2
0.554000,38.380020,2
0.428000,38.406075,2
0.209000,38.432114,2
0.424000,38.458134,2
11.581000,38.484135,2
0.331000,38.510120,2
0.544000,38.536087,2
0.444000,38.562038,2
0.322000,38.587971,2
0.571000,38.613884,2
21.589001,38.639782,2
0.201000,38.665661,2
0.431000,38.691525,2
0.241000,38.717369,2
0.363000,38.743198,2
30.038000,38.769009,2
0.855000,38.794804,2
0.354000,38.820580,2
0.224000,38.846340,2
0.270000,38.872082,2
0.585000,38.897808,2
0.386000,38.923515,2
24.382999,38.949207,2
0.391000,38.974880,2
0.393000,39.000538,2
0.245000,39.026180,2
1.053000,39.051804,2
0.474000,39.077412,2
0.267000,39.103001,2
0.421000,39.128574,2
1.998000,39.154133,2
0.230000,39.179672,2
0.451000,39.205196,2
12.381000,39.230701,2
26.743999,39.256191,2
0.366000,39.281666,2
0.385000,39.307121,2
0.272000,39.332561,2
0.381000,39.357986,2
0.459000,39.383396,2
0.702000,39.408787,2
0.427000,39.434162,2
0.349000,39.459522,2
0.256000,39.484863,2
0.439000,39.510189,2
0.211000,39.535500,2
0.357000,39.560795,2
0.326000,39.586071,2
0.209000,39.611332,2
0.439000,39.636578,2
24.605000,39.661808,2
0.208000,39.687019,2
0.387000,39.712215,2
1.435000,39.737396,2
0.200000,39.762562,2
0.286000,39.787712,2
0.194000,39.812847,2
0.461000,39.837963,2
0.428000,39.863064,2
0.400000,39.888149,2
0.212000,39.913219,2
0.445000,39.938274,2
0.206000,39.963314,2
0.498000,39.988338,2
0.428000,40.013348,2
0.659000,40.038338,2
0.228000,40.063313,2
0.350000,40.088272,2
0.350000,40.113216,2
0.689000,40.138145,2
0.208000,40.163059,2
0.336000,40.187958,2
0.355000,40.212841,2
0.201000,40.237709,2
0.418000,40.262562,2
0.605000,40.287399,2
0.425000,40.312222,2
0.367000,40.337029,2
0.236000,40.361820,2
0.395000,40.386597,2
0.719000,40.411358,2
0.205000,40.436104,2
0.662000,40.460835,2
0.250000,40.485550,2
0.335000,40.510250,2
0.396000,40.534935,2
0.511000,40.559605,2
0.604000,40.584259,2
0.216000,40.608898,2
0.432000,40.633522,2
0.354000,40.658131,2
17.714001,40.682728,2
0.251000,40.707310,2
21.049000,40.731876,2
0.397000,40.756428,2
0.329000,40.780964,2
20.128000,40.805485,2
0.367000,40.829990,2
0.362000,40.854481,2
0.373000,40.878960,2
0.865000,40.903423,2
28.816999,40.927872,2
0.263000,40.952305,2
0.280000,40.976723,2
0.190000,41.001125,2
0.446000,41.025517,2
0.219000,41.049892,2
0.579000,41.074253,2
0.854000,41.098598,2
0.424000,41.122929,2
4.568000,41.147247,2
0.461000,41.171551,2
0.465000,41.195839,2
0.357000,41.220112,2
0.482000,41.244373,2
2.347000,41.268620,2
3.255000,41.292850,2
0.348000,41.317066,2
0.378000,41.341270,2
0.224000,41.365459,2
0.451000,41.389633,2
0.396000,41.413795,2
0.403000,41.437943,2
0.331000,41.462074,2
0.699000,41.486195,2
0.354000,41.510300,2
0.260000,41.534389,2
0.485000,41.558464,2
0.364000,41.582527,2
0.649000,41.606575,2
0.215000,41.630611,2
0.401000,41.654633,2
0.235000,41.678638,2
0.454000,41.702633,2
18.745001,41.726612,2
0.953000,41.750576,2
0.620000,41.774529,2
0.409000,41.798466,2
0.410000,41.822392,2
0.457000,41.846302,2
0.400000,41.870197,2
0.748000,41.894081,2
0.362000,41.917950,2
0.451000,41.941807,2
0.210000,41.965649,2
0.470000,41.989479,2
1.829000,42.013294,2
0.382000,42.037098,2
0.899000,42.060886,2
0.416000,42.084660,2
0.513000,42.108421,2
0.655000,42.132168,2
0.277000,42.155903,2
0.569000,42.179623,2
0.213000,42.203331,2
0.360000,42.227024,2
0.209000,42.250706,2
0.443000,42.274372,2
1.167000,42.298027,2
0.485000,42.321671,2
0.390000,42.345299,2
0.252000,42.368916,2
0.191000,42.392517,2
0.353000,42.416107,2
0.407000,42.439682,2
0.471000,42.463245,2
0.486000,42.486794,2
0.608000,42.510330,2
0.356000,42.533855,2
5.517000,42.557365,2
0.366000,42.580864,2
0.194000,42.604347,2
0.469000,42.627819,2
0.212000,42.651279,2
0.374000,42.674725,2
0.446000,42.698158,2
0.664000,42.721577,2
19.575001,42.744984,2
0.219000,42.768379,2
0.421000,42.791759,2
0.205000,42.815128,2
0.554000,42.838486,2
1.042000,42.861828,2
0.501000,42.885159,2
0.383000,42.908478,2
0.397000,42.931782,2
0.472000,42.955074,2
1.350000,42.978355,2
0.431000,43.001621,2
0.618000,43.024876,2
0.219000,43.048119,2
0.396000,43.071350,2
0.410000,43.094566,2
0.531000,43.117771,2
0.241000,43.140965,2
0.496000,43.164143,2
0.223000,43.187309,2
0.382000,43.210464,2
0.372000,43.233608,2
0.432000,43.256737,2
0.357000,43.279854,2
0.311000,43.302959,2
0.476000,43.326054,2
0.484000,43.349133,2
0.361000,43.372200,2
0.583000,43.395256,2
2.471000,43.418301,2
0.399000,43.441334,2
0.526000,43.464352,2
0.231000,43.487358,2
0.352000,43.510353,2
12.006000,43.533337,2
0.195000,43.556309,2
0.375000,43.579269,2
19.535999,43.602215,2
0.559000,43.625149,2
0.332000,43.648071,2
0.225000,43.670982,2
7.525000,43.693882,2
0.216000,43.716770,2
0.424000,43.739643,2
1.461000,43.762505,2
0.882000,43.785355,2
0.387000,43.808193,2
0.376000,43.831020,2
25.988001,43.853836,2
0.326000,43.876640,2
0.476000,43.899433,2
0.339000,43.922211,2
18.191000,43.944977,2
0.361000,43.967731,2
0.269000,43.990475,2
0.546000,44.013206,2
0.444000,44.035927,2
0.202000,44.058636,2
0.461000,44.081333,2
0.970000,44.104019,2
0.444000,44.126694,2
0.381000,44.149357,2
0.225000,44.172009,2
8.948000,44.194649,2
0.434000,44.217278,2
0.207000,44.239895,2
0.449000,44.262501,2
0.251000,44.285091,2
1.061000,44.307671,2
1.003000,44.330238,2
0.359000,44.352795,2
0.247000,44.375340,2
0.542000,44.397873,2
0.199000,44.420395,2
0.356000,44.442905,2
0.442000,44.465405,2
0.394000,44.487892,2
0.579000,44.510368,2
0.393000,44.532837,2
0.363000,44.555294,2
0.439000,44.577740,2
0.361000,44.600174,2
24.846001,44.622597,2
0.400000,44.645008,2
0.256000,44.667408,2
0.222000,44.689796,2
0.559000,44.712173,2
0.747000,44.734539,2
0.468000,44.756893,2
0.339000,44.779236,2
0.524000,44.801567,2
3.068000,44.823887,2
20.725000,44.846195,2
0.417000,44.868492,2
0.359000,44.890778,2
0.336000,44.913055,2
0.378000,44.935322,2
12.899000,44.957577,2
1.229000,44.979820,2
16.527000,45.002052,2
0.696000,45.024273,2
0.376000,45.046482,2
4.703000,45.068680,2
0.321000,45.090870,2
0.216000,45.113049,2
0.465000,45.135216,2
0.202000,45.157372,2
0.300000,45.179516,2
0.549000,45.201649,2
0.478000,45.223770,2
0.244000,45.245884,2
0.385000,45.267986,2
0.414000,45.290077,2
0.232000,45.312157,2
19.278000,45.334225,2
15.724000,45.356281,2
23.240000,45.378330,2
0.374000,45.400368,2
0.939000,45.422394,2
0.500000,45.444408,2
0.319000,45.466412,2
0.351000,45.488407,2
25.622999,45.510391,2
1.647000,45.532364,2
0.431000,45.554325,2
0.507000,45.576279,2
0.869000,45.598221,2
0.378000,45.620152,2
0.432000,45.642071,2
0.350000,45.663979,2
11.468000,45.685879,2
0.396000,45.707767,2
0.208000,45.729645,2
0.363000,45.751511,2
0.423000,45.773369,2
0.192000,45.795216,2
1.949000,45.817051,2
0.369000,45.838879,2
0.186000,45.860695,2
0.508000,45.882500,2
0.383000,45.904293,2
0.336000,45.926079,2
0.897000,45.947853,2
0.489000,45.969616,2
0.469000,45.991371,2
0.321000,46.013115,2
0.336000,46.034847,2
0.625000,46.056568,2
1.334000,46.078281,2
0.428000,46.099983,2
0.274000,46.121674,2
0.530000,46.143356,2
0.390000,46.165028,2
0.380000,46.186687,2
24.146999,46.208340,2
0.356000,46.229980,2
1.018000,46.251610,2
6.816000,46.273232,2
0.392000,46.294842,2
0.950000,46.316441,2
0.411000,46.338032,2
0.488000,46.359612,2
0.441000,46.381184,2
1.637000,46.402744,2
1.969000,46.424294,2
0.398000,46.445835,2
0.206000,46.467365,2
0.528000,46.488884,2
1.090000,46.510395,2
35.375999,46.531895,2
0.223000,46.553387,2
0.337000,46.574867,2
0.482000,46.596336,2
0.235000,46.617798,2
23.566000,46.639248,2
21.766001,46.660690,2
23.343000,46.682121,2
8.840000,46.703545,2
14.498000,46.724957,2
22.403000,46.746357,2
7.626000,46.767750,2
19.752001,46.789131,2
13.759000,46.810505,2
15.585000,46.831867,2
11.520000,46.853222,2
20.656006,46.874565,2
19.002001,46.895897,2
21.237000,46.917221,2
23.027000,46.938534,2
38.455002,46.959839,2
60.959000,46.981133,2
79.809998,47.002419,2
98.024002,47.023693,2
119.167999,47.044960,2
132.018997,47.066216,2
139.921997,47.087463,2
149.425995,47.108700,2
166.820007,47.129929,2
178.382004,47.151146,2
188.582001,47.172356,2
207.098007,47.193554,2
208.315994,47.214745,2
220.432007,47.235924,2
235.925003,47.257095,2
239.098999,47.278255,2
250.289993,47.299408,2
267.102997,47.320549,2
279.416992,47.341682,2
288.915985,47.362804,2
307.803986,47.383919,2
320.011993,47.405022,2
343.679993,47.426117,2
348.600006,47.447201,2
359.687988,47.468277,2
379.118988,47.489346,2
391.488007,47.510403,2
408.800995,47.531452,2
421.087006,47.552490,2
435.475006,47.573521,2
439.214996,47.594540,2
7.759000,47.615551,2
19.268000,47.636551,2
0.620000,2.000000,64
0.521000,3.000000,64
0.571000,4.000000,64
0.500000,5.000000,64
0.387000,6.000000,64
0.291000,7.000000,64
0.200000,8.000000,64
1.262000,9.000000,64
1.941000,10.000000,64
0.207000,11.000000,64
0.439000,12.000000,64
0.262000,13.000000,64
1.124000,14.000000,64
0.213000,15.000000,64
1.974000,16.000000,64
2.572000,17.000000,64
0.670000,18.000000,64
0.369000,19.000000,64
0.947000,20.000000,64
0.449000,21.000000,64
0.438000,22.000000,64
0.418000,1.000000,2
24.683001,2.000000,2
0.495000,2.500000,2
0.258000,2.900000,2
0.366000,3.244828,2
0.417000,3.553010,2
0.308000,3.834462,2
0.224000,4.095255,2
0.370000,4.339440,2
0.623000,4.569884,2
0.209000,4.788708,2
0.344000,4.997533,2
0.402000,5.197631,2
0.411000,5.390027,2
0.491000,5.575554,2
1.090000,5.754909,2
0.427000,5.928673,2
0.360000,6.097345,2
0.380000,6.261351,2
0.264000,6.421061,2
0.347000,6.576798,2
0.255000,6.728848,2
0.800000,6.877461,2
0.443000,7.022864,2
0.201000,7.165256,2
0.424000,7.304818,2
0.221000,7.441714,2
0.595000,7.576092,2
0.347000,7.708086,2
0.242000,7.837820,2
0.462000,7.965406,2
0.720000,8.090949,2
0.439000,8.214544,2
0.528000,8.336280,2
0.424000,8.456238,2
0.859000,8.574493,2
0.427000,8.691118,2
0.228000,8.806178,2
0.232000,8.919735,2
0.500000,9.031846,2
0.426000,9.142566,2
0.237000,9.251945,2
0.400000,9.360030,2
0.265000,9.466867,2
0.503000,9.572499,2
0.375000,9.676965,2
0.435000,9.780303,2
0.587000,9.882549,2
3.536000,9.983738,2
0.238000,10.083900,2
0.743000,10.183068,2
0.603000,10.281271,2
0.508000,10.378535,2
0.216000,10.474888,2
0.963000,10.570354,2
0.682000,10.664959,2
0.357000,10.758724,2
19.406000,10.851672,2
27.055000,10.943824,2
0.402000,11.035199,2
0.594000,11.125818,2
0.242000,11.215699,2
0.290000,11.304860,2
0.643000,11.393317,2
0.626000,11.481088,2
0.396000,11.568188,2
0.381000,11.654632,2
0.355000,11.740435,2
0.706000,11.825610,2
22.333000,11.910172,2
0.555000,11.994134,2
0.374000,12.077508,2
0.232000,12.160307,2
1.626000,12.242541,2
0.423000,12.324224,2
0.543000,12.405365,2
0.229000,12.485975,2
5.257000,12.566065,2
0.439000,12.645644,2
0.700000,12.724723,2
0.377000,12.803310,2
0.376000,12.881415,2
0.462000,12.959046,2
1.277000,13.036213,2
0.224000,13.112923,2
0.779000,13.189183,2
0.430000,13.265003,2
0.207000,13.340389,2
0.279000,13.415350,2
0.356000,13.489891,2
0.284000,13.564020,2
0.373000,13.637745,2
0.214000,13.711071,2
0.751000,13.784005,2
0.360000,13.856553,2
0.474000,13.928721,2
6.748000,14.000516,2
0.213000,14.071942,2
0.475000,14.143005,2
0.345000,14.213712,2
0.398000,14.284066,2
0.260000,14.354074,2
0.443000,14.423741,2
0.197000,14.493072,2
0.550000,14.562070,2
3.179000,14.630741,2
0.621000,14.699090,2
0.398000,14.767121,2
0.356000,14.834839,2
0.389000,14.902247,2
0.450000,14.969352,2
14.774000,15.036155,2
0.721000,15.102661,2
0.351000,15.168875,2
0.250000,15.234799,2
0.192000,15.300439,2
0.520000,15.365796,2
0.454000,15.430876,2
0.183000,15.495681,2
0.357000,15.560215,2
0.492000,15.624481,2
0.670000,15.688483,2
0.413000,15.752224,2
3.577000,15.815707,2
0.462000,15.878936,2
0.346000,15.941913,2
25.381001,16.004641,2
0.351000,16.067122,2
0.737000,16.129360,2
0.358000,16.191359,2
0.239000,16.253120,2
0.392000,16.314648,2
0.349000,16.375942,2
0.222000,16.437008,2
0.289000,16.497847,2
0.232000,16.558460,2
0.351000,16.618853,2
21.726000,16.679026,2
0.366000,16.738981,2
17.968000,16.798721,2
0.249000,16.858250,2
0.374000,16.917568,2
0.272000,16.976679,2
0.289000,17.035583,2
0.354000,17.094284,2
0.349000,17.152782,2
0.370000,17.211082,2
0.476000,17.269184,2
0.580000,17.327091,2
0.462000,17.384804,2
0.203000,17.442326,2
0.353000,17.499657,2
0.444000,17.556801,2
2.372000,17.613758,2
0.519000,17.670532,2
0.228000,17.727123,2
0.448000,17.783533,2
0.411000,17.839766,2
0.221000,17.895821,2
0.870000,17.951700,2
0.410000,18.007404,2
0.393000,18.062937,2
0.471000,18.118299,2
0.417000,18.173492,2
0.383000,18.228518,2
0.486000,18.283377,2
0.634000,18.338072,2
0.231000,18.392603,2
0.564000,18.446972,2
0.211000,18.501181,2
0.136000,18.555231,2
0.455000,18.609125,2
0.724000,18.662863,2
0.228000,18.716446,2
0.354000,18.769875,2
0.384000,18.823151,2
0.214000,18.876276,2
0.448000,18.929253,2
0.808000,18.982080,2
0.380000,19.034761,2
0.384000,19.087297,2
0.372000,19.139688,2
0.231000,19.191936,2
0.362000,19.244041,2
0.188000,19.296005,2
0.531000,19.347830,2
1.194000,19.399515,2
0.383000,19.451063,2
3.653000,19.502474,2
0.295000,19.553749,2
0.724000,19.604891,2
0.334000,19.655899,2
0.627000,19.706774,2
2.278015,19.757517,2
0.457000,19.808130,2
0.450000,19.858614,2
0.402000,19.908970,2
0.828000,19.959198,2
0.311000,20.009300,2
0.222000,20.059277,2
0.161000,20.109129,2
0.448000,20.158857,2
0.218000,20.208464,2
0.474000,20.257948,2
0.199000,20.307312,2
0.546000,20.356556,2
0.485000,20.405680,2
0.513000,20.454685,2
0.460000,20.503574,2
0.910000,20.552347,2
0.398000,20.601004,2
0.296000,20.649546,2
0.244000,20.697973,2
0.669000,20.746286,2
0.223000,20.794487,2
0.359000,20.842577,2
0.359000,20.890556,2
0.225000,20.938425,2
0.587000,20.986185,2
0.635000,21.033836,2
0.437000,21.081379,2
0.352000,21.128815,2
0.480000,21.176144,2
0.410000,21.223366,2
0.376000,21.270483,2
0.460000,21.317497,2
2.579000,21.364407,2
0.757000,21.411213,2
0.219000,21.457918,2
0.950000,21.504520,2
0.195000,21.551022,2
0.463000,21.597424,2
0.208000,21.643724,2
0.396000,21.689928,2
0.744000,21.736032,2
0.357000,21.782040,2
0.253000,21.827950,2
0.339000,21.873762,2
0.215000,21.919479,2
0.496000,21.965101,2
0.184000,22.010628,2
0.391000,22.056061,2
0.375000,22.101400,2
0.243000,22.146646,2
0.362000,22.191799,2
17.826000,22.236860,2
0.328000,22.281830,2
0.703000,22.326710,2
0.330000,22.371500,2
0.356000,22.416201,2
0.224000,22.460812,2
0.430000,22.505333,2
1.164000,22.549767,2
0.439000,22.594112,2
0.199000,22.638372,2
0.365000,22.682545,2
0.468000,22.726631,2
0.248000,22.770632,2
0.337000,22.814548,2
24.974001,22.858379,2
1.284000,22.902126,2
0.361000,22.945791,2
0.476000,22.989372,2
0.433000,23.032871,2
0.484000,23.076288,2
0.210000,23.119623,2
1.212000,23.162876,2
0.360000,23.206049,2
0.265000,23.249142,2
0.273000,23.292154,2
18.127001,23.335087,2
28.091999,23.377941,2
24.586000,23.420717,2
0.366000,23.463415,2
2.078000,23.506035,2
0.469000,23.548576,2
0.340000,23.591042,2
0.407000,23.633430,2
0.351000,23.675743,2
0.300000,23.717981,2
0.357000,23.760143,2
6.806000,23.802231,2
0.409000,23.844244,2
0.443000,23.886183,2
0.212000,23.928047,2
0.210000,23.969839,2
0.379000,24.011559,2
0.262000,24.053205,2
0.466000,24.094780,2
0.822000,24.136282,2
0.715000,24.177713,2
0.388000,24.219074,2
0.426000,24.260365,2
2.570000,24.301584,2
0.338000,24.342733,2
0.509000,24.383814,2
25.339001,24.424824,2
0.455000,24.465765,2
0.412000,24.506638,2
0.418000,24.547443,2
0.354000,24.588181,2
14.402000,24.628851,2
0.358000,24.669455,2
0.221000,24.709991,2
0.398000,24.750462,2
0.497009,24.790865,2
0.340000,24.831202,2
0.391000,24.871473,2
0.437000,24.911680,2
0.645000,24.951822,2
0.237000,24.991899,2
27.826000,25.031912,2
0.554000,25.071861,2
0.453000,25.111746,2
0.242000,25.151567,2
0.395000,25.191326,2
0.232000,25.231022,2
0.388000,25.270657,2
0.299000,25.310228,2
0.377000,25.349737,2
16.841999,25.389185,2
0.446000,25.428572,2
0.355000,25.467897,2
0.415000,25.507162,2
0.278000,25.546368,2
0.411000,25.585512,2
0.461000,25.624598,2
0.337000,25.663622,2
0.373000,25.702587,2
0.365000,25.741493,2
0.439000,25.780340,2
0.471000,25.819130,2
0.219000,25.857861,2
0.482000,25.896534,2
0.251000,25.935148,2
0.387000,25.973705,2
0.205000,26.012205,2
0.497000,26.050648,2
0.247000,26.089035,2
0.181000,26.127365,2
0.223000,26.165640,2
0.330000,26.203857,2
0.411000,26.242020,2
0.214000,26.280127,2
0.381000,26.318178,2
0.528000,26.356174,2
3.932000,26.394115,2
0.435000,26.432003,2
0.441000,26.469835,2
0.451000,26.507614,2
0.373000,26.545340,2
0.217000,26.583012,2
0.432000,26.620630,2
0.205000,26.658195,2
0.391000,26.695707,2
0.363000,26.733166,2
0.198000,26.770573,2
0.445000,26.807926,2
0.368000,26.845228,2
0.683000,26.882479,2
0.222000,26.919678,2
0.349000,26.956825,2
0.189000,26.993921,2
0.501000,27.030966,2
0.556000,27.067961,2
0.210000,27.104904,2
0.284000,27.141798,2
0.361000,27.178642,2
9.148000,27.215435,2
0.178000,27.252178,2
0.411000,27.288872,2
0.342000,27.325518,2
0.477000,27.362114,2
0.445000,27.398661,2
0.552000,27.435160,2
0.402000,27.471609,2
0.220000,27.508011,2
11.685000,27.544363,2
0.386000,27.580667,2
0.425000,27.616924,2
0.487000,27.653133,2
0.211000,27.689295,2
0.903000,27.725410,2
0.518000,27.761478,2
0.362000,27.797499,2
0.410000,27.833473,2
0.480000,27.869402,2
0.341000,27.905283,2
0.456000,27.941118,2
0.213000,27.976908,2
0.459000,28.012651,2
0.990000,28.048349,2
0.249000,28.084002,2
0.661000,28.119610,2
0.207000,28.155172,2
0.424000,28.190689,2
22.278999,28.226162,2
0.645000,28.261591,2
0.394000,28.296974,2
0.469000,28.332314,2
0.759000,28.367609,2
0.511000,28.402861,2
0.394000,28.438068,2
0.555000,28.473232,2
0.381000,28.508352,2
18.677999,28.543430,2
0.455000,28.578465,2
0.419000,28.613457,2
0.467000,28.648405,2
0.405000,28.683311,2
0.516000,28.718176,2
0.332000,28.752996,2
0.459000,28.787775,2
0.536000,28.822512,2
0.466000,28.857206,2
2.400000,28.891859,2
0.369000,28.926472,2
0.313000,28.961042,2
0.361000,28.995571,2
0.230000,29.030060,2
0.442000,29.064507,2
0.557000,29.098913,2
3.078000,29.133278,2
0.241000,29.167603,2
0.240000,29.201887,2
0.322000,29.236132,2
0.497000,29.270336,2
0.187000,29.304501,2
0.226000,29.338625,2
0.470000,29.372709,2
0.278000,29.406754,2
0.508000,29.440760,2
22.618000,29.474726,2
0.220000,29.508654,2
0.297000,29.542542,2
0.347000,29.576391,2
0.176000,29.610203,2
0.407000,29.643974,2
0.251000,29.677708,2
0.385000,29.711403,2
0.634000,29.745060,2
27.761999,29.778679,2
0.535000,29.812260,2
0.210000,29.845802,2
0.498000,29.879309,2
0.560000,29.912777,2
0.463000,29.946207,2
16.215000,29.979601,2
1.127000,30.012957,2
0.316000,30.046276,2
0.426000,30.079557,2
0.455000,30.112803,2
0.382000,30.146011,2
0.246000,30.179184,2
0.657000,30.212320,2
0.394000,30.245419,2
0.497000,30.278481,2
0.435000,30.311508,2
0.393000,30.344500,2
0.219000,30.377455,2
0.571000,30.410374,2
0.334000,30.443256,2
0.256000,30.476105,2
0.433000,30.508917,2
20.670000,30.541695,2
0.425000,30.574436,2
0.561000,30.607143,2
0.370000,30.639816,2
0.343000,30.672453,2
0.316000,30.705055,2
0.365000,30.737623,2
0.348000,30.770157,2
0.398000,30.802656,2
0.528000,30.835121,2
0.212000,30.867552,2
0.526000,30.899948,2
0.447000,30.932310,2
0.358000,30.964640,2
27.045000,30.996935,2
26.826000,31.029196,2
0.366000,31.061424,2
0.250000,31.093618,2
0.390000,31.125780,2
0.420000,31.157907,2
0.346000,31.190002,2
0.406000,31.222063,2
0.509000,31.254091,2
0.213000,31.286087,2
0.459000,31.318050,2
0.207000,31.349981,2
23.974001,31.381880,2
3.905000,31.413746,2
0.187000,31.445580,2
15.092000,31.477381,2
3.457000,31.509150,2
0.500000,31.540886,2
0.342000,31.572590,2
0.415000,31.604263,2
0.454000,31.635904,2
0.430000,31.667515,2
0.354000,31.699093,2
0.422000,31.730640,2
0.371000,31.762156,2
0.432000,31.793640,2
0.493000,31.825092,2
0.336000,31.856514,2
0.361000,31.887905,2
1.661000,31.919266,2
0.212000,31.950594,2
0.345000,31.981892,2
0.209000,32.013161,2
0.579000,32.044399,2
0.227000,32.075607,2
0.647000,32.106785,2
0.533000,32.137932,2
0.500000,32.169048,2
0.422000,32.200134,2
0.386000,32.231190,2
0.217000,32.262215,2
0.481000,32.293209,2
0.511000,32.324177,2
0.198000,32.355114,2
0.327000,32.386021,2
0.263000,32.416897,2
0.349000,32.447746,2
0.375000,32.478565,2
0.216000,32.509354,2
0.350000,32.540115,2
0.350000,32.570847,2
0.374000,32.601547,2
0.228000,32.632221,2
0.766000,32.662865,2
0.262000,32.693481,2
0.539000,32.724068,2
0.367000,32.754627,2
4.749000,32.785156,2
0.427000,32.815659,2
0.276000,32.846130,2
0.355000,32.876575,2
0.323000,32.906994,2
0.224000,32.937382,2
0.381000,32.967743,2
0.527000,32.998077,2
0.406000,33.028381,2
0.355000,33.058659,2
0.357000,33.088909,2
0.504000,33.119129,2
0.475000,33.149323,2
0.225000,33.179489,2
2.187000,33.209629,2
0.388000,33.239742,2
2.502000,33.269825,2
0.353000,33.299881,2
21.346001,33.329910,2
0.452000,33.359913,2
0.512000,33.389889,2
0.419000,33.419838,2
0.260000,33.449760,2
0.244000,33.479656,2
0.447000,33.509525,2
0.405000,33.539368,2
0.433000,33.569183,2
0.479000,33.598972,2
5.486000,33.628735,2
26.282000,33.658470,2
0.365000,33.688179,2
0.369000,33.717861,2
0.381000,33.747520,2
0.848000,33.777153,2
0.467000,33.806759,2
24.375000,33.836338,2
0.440000,33.865891,2
0.260000,33.895420,2
0.334000,33.924923,2
12.276000,33.954399,2
0.414000,33.983849,2
0.210000,34.013275,2
0.494000,34.042675,2
0.213000,34.072048,2
1.654000,34.101398,2
0.205000,34.130722,2
0.397000,34.160023,2
0.294000,34.189297,2
0.328000,34.218544,2
0.213000,34.247768,2
0.560000,34.276966,2
1.260000,34.306141,2
0.213000,34.335289,2
0.830000,34.364414,2
0.361000,34.393513,2
0.232000,34.422588,2
0.227000,34.451637,2
0.316000,34.480663,2
21.995001,34.509666,2
0.537000,34.538643,2
0.411000,34.567596,2
0.371000,34.596527,2
0.213000,34.625431,2
6.736000,34.654312,2
0.853000,34.683170,2
0.397000,34.712002,2
0.586000,34.740810,2
0.349000,34.769596,2
0.380000,34.798355,2
0.432000,34.827091,2
0.239000,34.855804,2
0.384000,34.884495,2
0.273000,34.913162,2
0.666000,34.941803,2
0.442000,34.970421,2
0.432000,34.999016,2
0.215000,35.027588,2
0.347000,35.056137,2
0.164000,35.084663,2
0.414000,35.113167,2
0.354000,35.141647,2
0.361000,35.170105,2
0.644000,35.198540,2
0.221000,35.226952,2
0.433000,35.255341,2
0.967000,35.283707,2
0.371000,35.312050,2
0.402000,35.340370,2
0.717000,35.368668,2
0.431000,35.396942,2
3.850000,35.425194,2
0.216000,35.453423,2
0.331000,35.481628,2
0.377000,35.509811,2
0.371000,35.537971,2
0.501000,35.566109,2
0.495000,35.594227,2
0.639000,35.622322,2
0.337000,35.650394,2
0.202000,35.678444,2
0.924000,35.706470,2
0.345000,35.734478,2
24.903015,35.762463,2
0.451000,35.790424,2
0.376000,35.818363,2
18.724001,35.846283,2
0.369000,35.874180,2
0.241000,35.902054,2
0.355000,35.929909,2
39.549000,35.957741,2
0.224000,35.985550,2
0.414000,36.013340,2
0.436000,36.041107,2
5.078000,36.068851,2
0.239000,36.096577,2
1.032000,36.124279,2
0.361000,36.151962,2
0.498000,36.179623,2
0.423000,36.207264,2
0.358000,36.234882,2
0.395000,36.262482,2
0.215000,36.290058,2
1.926000,36.317616,2
0.359000,36.345150,2
0.291000,36.372665,2
1.158000,36.400158,2
0.347000,36.427631,2
16.114000,36.455082,2
3.615000,36.482513,2
0.344000,36.509922,2
0.332000,36.537312,2
0.401000,36.564682,2
0.365000,36.592030,2
0.366000,36.619358,2
0.463000,36.646667,2
0.253000,36.673954,2
0.363000,36.701221,2
21.042000,36.728470,2
0.217000,36.755695,2
0.550000,36.782902,2
0.471000,36.810089,2
19.711000,36.837257,2
0.211000,36.864403,2
3.171000,36.891529,2
0.217000,36.918636,2
0.436000,36.945724,2
0.489000,36.972790,2
25.542999,36.999836,2
0.505000,37.026863,2
0.187000,37.053871,2
0.353000,37.080860,2
15.981000,37.107830,2
0.387000,37.134777,2
0.372000,37.161705,2
0.425000,37.188614,2
0.395000,37.215504,2
0.492000,37.242374,2
0.401000,37.269226,2
0.219000,37.296059,2
0.387000,37.322872,2
25.568001,37.349667,2
0.377000,37.376442,2
0.440000,37.403198,2
0.240000,37.429935,2
0.309000,37.456654,2
0.559000,37.483353,2
7.736000,37.510033,2
0.581000,37.536694,2
0.253000,37.563335,2
0.301000,37.589958,2
0.400000,37.616562,2
0.295000,37.643147,2
0.441000,37.669712,2
0.416000,37.696259,2
0.475000,37.722786,2
0.353000,37.749294,2
0.364000,37.775784,2
0.610000,37.802254,2
17.504000,37.828709,2
0.474000,37.855145,2
0.449000,37.881561,2
0.475000,37.907959,2
20.829000,37.934338,2
0.756000,37.960697,2
0.445000,37.987041,2
0.390000,38.013367,2
0.419000,38.039673,2
0.352000,38.065960,2
0.348000,38.092232,2
0.439000,38.118484,2
0.475000,38.144718,2
1.147000,38.170933,2
0.300000,38.197132,2
0.407000,38.223312,2
0.267000,38.249474,2
0.403000,38.275620,2
0.372000,38.301746,2
0.407000,38.327854,2
0.525000,38.353947,2
2.485000,38.380020,2
24.747000,38.406075,2
0.448000,38.432114,2
0.691000,38.458134,2
0.389000,38.484135,2
2.104000,38.510120,2
0.443000,38.536087,2
0.295000,38.562038,2
0.395000,38.587971,2
0.411000,38.613884,2
3.120000,38.639782,2
0.435000,38.665661,2
0.407000,38.691525,2
0.412000,38.717369,2
0.239000,38.743198,2
0.451000,38.769009,2
29.584999,38.794804,2
22.528999,38.820580,2
0.359000,38.846340,2
0.181000,38.872082,2
0.359000,38.897808,2
0.366000,38.923515,2
0.218000,38.949207,2
0.394000,38.974880,2
0.204000,39.000538,2
0.419000,39.026180,2
0.505000,39.051804,2
0.427000,39.077412,2
0.370000,39.103001,2
0.354000,39.128574,2
0.285000,39.154133,2
16.993999,39.179672,2
0.349000,39.205196,2
0.226000,39.230701,2
0.277000,39.256191,2
0.839000,39.281666,2
25.523001,39.307121,2
0.380000,39.332561,2
0.356000,39.357986,2
0.400000,39.383396,2
0.370000,39.408787,2
0.450000,39.434162,2
0.303000,39.459522,2
0.352000,39.484863,2
0.379000,39.510189,2
0.559000,39.535500,2
0.211000,39.560795,2
0.599000,39.586071,2
0.411000,39.611332,2
0.465000,39.636578,2
0.228000,39.661808,2
0.388000,39.687019,2
0.218000,39.712215,2
0.647000,39.737396,2
0.225000,39.762562,2
0.829000,39.787712,2
14.704000,39.812847,2
0.368000,39.837963,2
1.063000,39.863064,2
0.490000,39.888149,2
0.426000,39.913219,2
0.360000,39.938274,2
0.460000,39.963314,2
0.387000,39.988338,2
0.370000,40.013348,2
0.559000,40.038338,2
0.183000,40.063313,2
0.366000,40.088272,2
1.696000,40.113216,2
0.346000,40.138145,2
0.343000,40.163059,2
0.279000,40.187958,2
0.490000,40.212841,2
0.603000,40.237709,2
0.290000,40.262562,2
0.382000,40.287399,2
29.146999,40.312222,2
0.367000,40.337029,2
0.351000,40.361820,2
0.198000,40.386597,2
0.412000,40.411358,2
0.531000,40.436104,2
0.373000,40.460835,2
0.514000,40.485550,2
0.178000,40.510250,2
0.348000,40.534935,2
0.371000,40.559605,2
0.381000,40.584259,2
0.717000,40.608898,2
0.568000,40.633522,2
13.773000,40.658131,2
0.355000,40.682728,2
16.451000,40.707310,2
0.348000,40.731876,2
0.207000,40.756428,2
0.338000,40.780964,2
0.416000,40.805485,2
12.352000,40.829990,2
23.051001,40.854481,2
0.726000,40.878960,2
0.612000,40.903423,2
0.363000,40.927872,2
1.163000,40.952305,2
0.280000,40.976723,2
0.414000,41.001125,2
0.213000,41.025517,2
0.199000,41.049892,2
0.504000,41.074253,2
0.405000,41.098598,2
0.380000,41.122929,2
0.225000,41.147247,2
0.332000,41.171551,2
0.200000,41.195839,2
0.410000,41.220112,2
0.187000,41.244373,2
0.465000,41.268620,2
0.452000,41.292850,2
0.350000,41.317066,2
0.496000,41.341270,2
0.619000,41.365459,2
0.399000,41.389633,2
0.430000,41.413795,2
0.541000,41.437943,2
0.403000,41.462074,2
0.391000,41.486195,2
0.277000,41.510300,2
0.446000,41.534389,2
0.401000,41.558464,2
1.151000,41.582527,2
1.909000,41.606575,2
0.226000,41.630611,2
0.359000,41.654633,2
31.322001,41.678638,2
0.350000,41.702633,2
0.505000,41.726612,2
0.396000,41.750576,2
0.485000,41.774529,2
0.464000,41.798466,2
0.404000,41.822392,2
0.455000,41.846302,2
0.364000,41.870197,2
21.527000,41.894081,2
0.352000,41.917950,2
0.209000,41.941807,2
0.350000,41.965649,2
16.393000,41.989479,2
0.445000,42.013294,2
0.452000,42.037098,2
0.375000,42.060886,2
0.208000,42.084660,2
0.338000,42.108421,2
0.351000,42.132168,2
0.646000,42.155903,2
1.006000,42.179623,2
0.359000,42.203331,2
0.348000,42.227024,2
0.214000,42.250706,2
0.756000,42.274372,2
0.947000,42.298027,2
0.392000,42.321671,2
0.248000,42.345299,2
0.249000,42.368916,2
0.417000,42.392517,2
0.317000,42.416107,2
0.360000,42.439682,2
0.181000,42.463245,2
0.370000,42.486794,2
0.425000,42.510330,2
0.517000,42.533855,2
0.367000,42.557365,2
0.328000,42.580864,2
0.417000,42.604347,2
0.214000,42.627819,2
0.270000,42.651279,2
0.209000,42.674725,2
0.548000,42.698158,2
0.377000,42.721577,2
0.569000,42.744984,2
0.809000,42.768379,2
0.439000,42.791759,2
18.541016,42.815128,2
0.262000,42.838486,2
0.406000,42.861828,2
21.238001,42.885159,2
0.365000,42.908478,2
0.245000,42.931782,2
0.599000,42.955074,2
0.619000,42.978355,2
0.354000,43.001621,2
0.220000,43.024876,2
0.324000,43.048119,2
0.361000,43.071350,2
0.381000,43.094566,2
1.069000,43.117771,2
0.395000,43.140965,2
0.352000,43.164143,2
0.369000,43.187309,2
1.120000,43.210464,2
0.357000,43.233608,2
0.200000,43.256737,2
22.601999,43.279854,2
0.637000,43.302959,2
0.276000,43.326054,2
0.517000,43.349133,2
0.441000,43.372200,2
0.537000,43.395256,2
0.218000,43.418301,2
0.415000,43.441334,2
18.625999,43.464352,2
0.259000,43.487358,2
0.317000,43.510353,2
1.156000,43.533337,2
0.204000,43.556309,2
0.365000,43.579269,2
0.189000,43.602215,2
0.346000,43.625149,2
22.705000,43.648071,2
0.217000,43.670982,2
0.195000,43.693882,2
0.614000,43.716770,2
0.489000,43.739643,2
0.595000,43.762505,2
0.369000,43.785355,2
0.487000,43.808193,2
0.392000,43.831020,2
0.352000,43.853836,2
0.428000,43.876640,2
22.707001,43.899433,2
0.858000,43.922211,2
12.503000,43.944977,2
0.472000,43.967731,2
0.202000,43.990475,2
0.332000,44.013206,2
6.806030,44.035927,2
0.188000,44.058636,2
17.018000,44.081333,2
0.369000,44.104019,2
0.253000,44.126694,2
0.368000,44.149357,2
0.218000,44.172009,2
0.349000,44.194649,2
0.364000,44.217278,2
0.435000,44.239895,2
0.472000,44.262501,2
0.696000,44.285091,2
30.504000,44.307671,2
0.449000,44.330238,2
0.382000,44.352795,2
0.358000,44.375340,2
0.447000,44.397873,2
0.464000,44.420395,2
0.279000,44.442905,2
0.523000,44.465405,2
0.208000,44.487892,2
0.443000,44.510368,2
0.240000,44.532837,2
0.449000,44.555294,2
0.347000,44.577740,2
3.327000,44.600174,2
0.444000,44.622597,2
0.350000,44.645008,2
0.448000,44.667408,2
0.225000,44.689796,2
0.339000,44.712173,2
0.259000,44.734539,2
0.773000,44.756893,2
0.383000,44.779236,2
0.254000,44.801567,2
0.419000,44.823887,2
0.472000,44.846195,2
0.496000,44.868492,2
0.267000,44.890778,2
0.228000,44.913055,2
0.198000,44.935322,2
0.371000,44.957577,2
0.311000,44.979820,2
21.166000,45.002052,2
1.200000,45.024273,2
0.255000,45.046482,2
0.355000,45.068680,2
0.396000,45.090870,2
0.341000,45.113049,2
1.732000,45.135216,2
0.469000,45.157372,2
0.251000,45.179516,2
0.430000,45.201649,2
1.219000,45.223770,2
1.227000,45.245884,2
0.348000,45.267986,2
0.346000,45.290077,2
0.328000,45.312157,2
0.212000,45.334225,2
0.359000,45.356281,2
0.313000,45.378330,2
0.428000,45.400368,2
0.488000,45.422394,2
0.374000,45.444408,2
0.702000,45.466412,2
0.330000,45.488407,2
0.432000,45.510391,2
0.442000,45.532364,2
0.417000,45.554325,2
0.375000,45.576279,2
0.471000,45.598221,2
5.413000,45.620152,2
0.392000,45.642071,2
1.346000,45.663979,2
0.395000,45.685879,2
0.334000,45.707767,2
0.519000,45.729645,2
20.738001,45.751511,2
0.356000,45.773369,2
0.407000,45.795216,2
0.248000,45.817051,2
25.466000,45.838879,2
0.202000,45.860695,2
0.366000,45.882500,2
0.260000,45.904293,2
0.196000,45.926079,2
0.353000,45.947853,2
0.209000,45.969616,2
0.354000,45.991371,2
1.324000,46.013115,2
0.397000,46.034847,2
24.691000,46.056568,2
0.605000,46.078281,2
0.370000,46.099983,2
0.345000,46.121674,2
0.652000,46.143356,2
0.215000,46.165028,2
1.219000,46.186687,2
2.572000,46.208340,2
0.711000,46.229980,2
0.313000,46.251610,2
0.649000,46.273232,2
0.200000,46.294842,2
2.654000,46.316441,2
0.285000,46.338032,2
0.518000,46.359612,2
0.358000,46.381184,2
0.437000,46.402744,2
0.307000,46.424294,2
0.416000,46.445835,2
0.791000,46.467365,2
6.335000,46.488884,2
0.413000,46.510395,2
0.277000,46.531895,2
0.354000,46.553387,2
1.510000,46.574867,2
22.256001,46.596336,2
0.478000,46.617798,2
0.233000,46.639248,2
0.394000,46.660690,2
0.356000,46.682121,2
0.440000,46.703545,2
0.307000,46.724957,2
0.381000,46.746357,2
0.347000,46.767750,2
0.508000,46.789131,2
0.382000,46.810505,2
0.332000,46.831867,2
17.658001,46.853222,2
1.010000,46.874565,2
19.055000,46.895897,2
0.433000,46.917221,2
0.373000,46.938534,2
0.459000,46.959839,2
0.187000,46.981133,2
0.418000,47.002419,2
0.360000,47.023693,2
0.195000,47.044960,2
0.399000,47.066216,2
0.352000,47.087463,2
0.342000,47.108700,2
0.305000,47.129929,2
0.433000,47.151146,2
1.189000,47.172356,2
0.446000,47.193554,2
0.351000,47.214745,2
0.405000,47.235924,2
0.356000,47.257095,2
0.372000,47.278255,2
24.343000,47.299408,2
2.551000,47.320549,2
18.584000,47.341682,2
0.517000,47.362804,2
0.745000,47.383919,2
0.402000,47.405022,2
0.361000,47.426117,2
0.354000,47.447201,2
0.414000,47.468277,2
0.222000,47.489346,2
0.345000,47.510403,2
0.467000,47.531452,2
0.418000,47.552490,2
27.938000,47.573521,2
0.551000,47.594540,2
0.440000,47.615551,2
0.515000,47.636551,2
3.173000,47.657543,2
21.556030,47.678528,2
0.446000,47.699501,2
0.415000,47.720467,2
0.410000,47.741421,2
25.659000,47.762367,2
26.898001,47.783306,2
0.599000,47.804234,2
0.310000,47.825153,2
0.353000,47.846062,2
0.424000,47.866962,2
0.402000,47.887856,2
0.656000,47.908737,2
0.350000,47.929611,2
0.660000,47.950474,2
0.337000,47.971329,2
0.348000,47.992176,2
10.577000,48.013012,2
0.307000,48.033840,2
1.054000,48.054657,2
0.501000,48.075466,2
0.626000,48.096268,2
0.444000,48.117058,2
0.402000,48.137840,2
0.233000,48.158615,2
0.674000,48.179379,2
0.727000,48.200134,2
0.358000,48.220882,2
0.633000,48.241619,2
0.431000,48.262348,2
0.212000,48.283070,2
1.220000,48.303780,2
0.351000,48.324482,2
17.875999,48.345177,2
0.351000,48.365860,2
0.393000,48.386536,2
0.459000,48.407204,2
0.328000,48.427860,2
16.749001,48.448509,2
0.444000,48.469151,2
5.850000,48.489780,2
0.206000,48.510403,2
0.428000,48.531017,2
0.428000,48.551624,2
0.714000,48.572220,2
0.433000,48.592808,2
0.405000,48.613388,2
16.181999,48.633957,2
0.275000,48.654518,2
0.407000,48.675072,2
0.249000,48.695618,2
0.351000,48.716152,2
0.327000,48.736679,2
0.343000,48.757198,2
0.462000,48.777710,2
0.188000,48.798210,2
6.101000,48.818703,2
17.075001,48.839188,2
17.260010,48.859661,2
0.804000,48.880127,2
0.314000,48.900585,2
0.219000,48.921036,2
0.346000,48.941479,2
0.196000,48.961910,2
0.375000,48.982334,2
3.483000,49.002750,2
0.352000,49.023159,2
0.420000,49.043556,2
0.213000,49.063946,2
0.352000,49.084328,2
0.744000,49.104702,2
0.253000,49.125065,2
0.377000,49.145420,2
0.264000,49.165768,2
0.390000,49.186108,2
0.347000,49.206440,2
0.430000,49.226761,2
0.203000,49.247074,2
0.500000,49.267380,2
23.177000,49.287678,2
0.611000,49.307968,2
16.341000,49.328247,2
5.379000,49.348518,2
1.682000,49.368782,2
0.769000,49.389038,2
0.366000,49.409286,2
0.413000,49.429527,2
0.578000,49.449757,2
0.440000,49.469978,2
0.408000,49.490192,2
0.385000,49.510399,2
9.462000,49.530598,2
0.659000,49.550789,2
1.043000,49.570969,2
0.420000,49.591141,2
0.382000,49.611305,2
0.542000,49.631462,2
0.207000,49.651611,2
0.393000,49.671753,2
0.206000,49.691887,2
16.938000,49.712009,2
0.528000,49.732124,2
0.478000,49.752232,2
0.356000,49.772331,2
0.915000,49.792423,2
0.212000,49.812508,2
0.385000,49.832584,2
0.221000,49.852650,2
27.787001,49.872707,2
0.560000,49.892757,2
0.640000,49.912800,2
0.413000,49.932835,2
0.729000,49.952862,2
0.689000,49.972881,2
19.069000,49.992893,2
0.349000,50.012897,2
0.259000,50.032894,2
1.704000,50.052879,2
0.382000,50.072857,2
0.205000,50.092827,2
2.017000,50.112789,2
0.174000,50.132744,2
0.451000,50.152691,2
0.358000,50.172630,2
0.207000,50.192562,2
0.354000,50.212486,2
16.580999,50.232403,2
16.115999,50.252312,2
0.370000,50.272213,2
0.415000,50.292103,2
0.212000,50.311985,2
0.925000,50.331860,2
0.495000,50.351727,2
1.004000,50.371586,2
0.232000,50.391438,2
0.361000,50.411282,2
0.200000,50.431118,2
0.376000,50.450947,2
0.272000,50.470768,2
0.356000,50.490582,2
5.806000,50.510387,2
0.538000,50.530186,2
0.551000,50.549976,2
0.503000,50.569759,2
0.639000,50.589535,2
0.358000,50.609303,2
25.695000,50.629063,2
27.771000,50.648815,2
23.594999,50.668560,2
0.363000,50.688297,2
0.341000,50.708027,2
0.386000,50.727749,2
0.208000,50.747463,2
0.213000,50.767170,2
0.222000,50.786869,2
0.345000,50.806561,2
0.783000,50.826244,2
2.299000,50.845921,2
0.437000,50.865589,2
5.597000,50.885250,2
0.777000,50.904903,2
0.226000,50.924549,2
0.911000,50.944187,2
0.271000,50.963818,2
0.586000,50.983440,2
0.512000,51.003056,2
0.707000,51.022663,2
0.310000,51.042263,2
0.495000,51.061855,2
0.371000,51.081440,2
0.345000,51.101017,2
0.300000,51.120586,2
0.517000,51.140148,2
0.566000,51.159702,2
13.889000,51.179249,2
23.620001,51.198788,2
0.298000,51.218319,2
14.488000,51.237843,2
0.540000,51.257359,2
0.352000,51.276867,2
1.289000,51.296368,2
0.384000,51.315861,2
0.489000,51.335346,2
0.370000,51.354828,2
22.997000,51.374302,2
6.020000,51.393768,2
14.928000,51.413227,2
0.391000,51.432678,2
2.596000,51.452122,2
0.393000,51.471558,2
0.376000,51.490986,2
0.505000,51.510406,2
0.365000,51.529819,2
0.330000,51.549225,2
0.367000,51.568623,2
0.352000,51.588013,2
0.211000,51.607395,2
0.523000,51.626774,2
0.501000,51.646145,2
10.674000,51.665508,2
5.944000,51.684864,2
0.473000,51.704212,2
0.368000,51.723553,2
0.214000,51.742886,2
0.351000,51.762211,2
15.900000,51.781528,2
0.700000,51.800842,2
0.194000,51.820148,2
0.420000,51.839447,2
0.376000,51.858738,2
0.433000,51.878021,2
19.625000,51.897297,2
0.383000,51.916565,2
13.178000,51.935825,2
0.951000,51.955078,2
0.403000,51.974327,2
0.340000,51.993568,2
0.356000,52.012802,2
0.228000,52.032028,2
1.066000,52.051247,2
0.425000,52.070457,2
0.541000,52.089661,2
0.330000,52.108860,2
0.922000,52.128052,2
0.209000,52.147236,2
0.751000,52.166412,2
0.349000,52.185581,2
18.885000,52.204742,2
5.577000,52.223896,2
0.386000,52.243046,2
0.337000,52.262188,2
0.390000,52.281322,2
0.429000,52.300449,2
20.459999,52.319569,2
0.421000,52.338680,2
0.351000,52.357788,2
12.803000,52.376888,2
18.184999,52.395981,2
0.233000,52.415066,2
0.611000,52.434143,2
0.356000,52.453213,2
0.224000,52.472279,2
0.470000,52.491337,2
0.354000,52.510387,2
22.764000,52.529430,2
0.355000,52.548466,2
0.188000,52.567497,2
0.459000,52.586521,2
0.218000,52.605537,2
0.372000,52.624546,2
19.257000,52.643547,2
0.356000,52.662544,2
20.083000,52.681534,2
0.503000,52.700516,2
0.429000,52.719490,2
0.520000,52.738457,2
0.358000,52.757420,2
0.355000,52.776375,2
5.488000,52.795322,2
0.349000,52.814262,2
0.358000,52.833199,2
0.419000,52.852127,2
0.258000,52.871048,2
0.462000,52.889961,2
0.370000,52.908867,2
23.245001,52.927769,2
0.368000,52.946663,2
0.462000,52.965549,2
0.250000,52.984428,2
0.459000,53.003304,2
0.370000,53.022171,2
0.536000,53.041031,2
0.372000,53.059883,2
0.349000,53.078732,2
0.240000,53.097572,2
0.200000,53.116405,2
0.200000,53.135231,2
0.422000,53.154053,2
0.355000,53.172867,2
0.376000,53.191673,2
32.780998,53.210472,2
0.751000,53.229267,2
30.666000,53.248055,2
0.431000,53.266834,2
20.979000,53.285606,2
0.445000,53.304375,2
0.410000,53.323135,2
0.409000,53.341888,2
18.260000,53.360634,2
2.550000,53.379375,2
0.418000,53.398109,2
0.312000,53.416836,2
0.714000,53.435558,2
0.393000,53.454273,2
0.437000,53.472980,2
0.413000,53.491680,2
0.718000,53.510376,2
19.738001,53.529064,2
0.247000,53.547745,2
0.357000,53.566422,2
0.557000,53.585091,2
0.369000,53.603752,2
0.211000,53.622406,2
0.776000,53.641056,2
0.380000,53.659698,2
0.443000,53.678333,2
0.228000,53.696964,2
0.430000,53.715588,2
0.512000,53.734203,2
0.507000,53.752815,2
0.286000,53.771420,2
3.073000,53.790016,2
19.513000,53.808605,2
0.241000,53.827190,2
0.679000,53.845768,2
0.348000,53.864338,2
18.641001,53.882904,2
0.527000,53.901463,2
0.272000,53.920013,2
0.339000,53.938560,2
0.535000,53.957100,2
0.465000,53.975632,2
0.355000,53.994160,2
13.910000,54.012680,2
0.316000,54.031193,2
0.528000,54.049702,2
0.421000,54.068203,2
0.393000,54.086697,2
1.067000,54.105186,2
10.119000,54.123669,2
18.621000,54.142143,2
0.366000,54.160614,2
0.312000,54.179077,2
0.224000,54.197533,2
17.028000,54.215984,2
0.459000,54.234428,2
0.261000,54.252869,2
1.733000,54.271301,2
0.223000,54.289726,2
0.578000,54.308147,2
0.467000,54.326561,2
1.905000,54.344967,2
0.595000,54.363369,2
0.401000,54.381763,2
0.316000,54.400150,2
0.357000,54.418533,2
0.198000,54.436909,2
0.343000,54.455280,2
0.389000,54.473644,2
1.132000,54.492001,2
0.221000,54.510353,2
0.396000,54.528698,2
0.260000,54.547035,2
0.514000,54.565369,2
0.367000,54.583694,2
0.787000,54.602016,2
0.408000,54.620331,2
0.463000,54.638638,2
0.843000,54.656940,2
17.141001,54.675236,2
0.412000,54.693527,2
0.529000,54.711811,2
0.407000,54.730087,2
0.357000,54.748360,2
0.360000,54.766624,2
0.840000,54.784885,2
0.358000,54.803139,2
0.348000,54.821384,2
0.231000,54.839626,2
0.451000,54.857861,2
0.220000,54.876091,2
0.607000,54.894314,2
0.381000,54.912529,2
0.213000,54.930740,2
0.594000,54.948944,2
0.425000,54.967144,2
0.536000,54.985336,2
0.339000,55.003525,2
0.499000,55.021706,2
0.221000,55.039879,2
0.504000,55.058048,2
0.437000,55.076210,2
0.283000,55.094368,2
0.194000,55.112518,2
0.344000,55.130665,2
0.221000,55.148804,2
0.659000,55.166935,2
0.390000,55.185062,2
0.486000,55.203182,2
0.366000,55.221298,2
0.219000,55.239407,2
0.595000,55.257511,2
0.370000,55.275608,2
0.351000,55.293697,2
10.838000,55.311783,2
0.416000,55.329861,2
0.588000,55.347935,2
0.455000,55.366001,2
0.509000,55.384064,2
16.364000,55.402119,2
0.297000,55.420170,2
0.214000,55.438213,2
0.287000,55.456253,2
0.351000,55.474285,2
0.543000,55.492313,2
0.223000,55.510334,2
0.355000,55.528347,2
0.186000,55.546356,2
0.481000,55.564358,2
0.376000,55.582355,2
0.380000,55.600346,2
0.412000,55.618332,2
0.288000,55.636311,2
0.347000,55.654285,2
0.408000,55.672253,2
0.476000,55.690216,2
0.547000,55.708172,2
0.332000,55.726124,2
0.217000,55.744068,2
0.449000,55.762009,2
0.345000,55.779942,2
0.410000,55.797871,2
0.367000,55.815792,2
0.493000,55.833710,2
1.229000,55.851620,2
0.431000,55.869526,2
0.207000,55.887424,2
0.638000,55.905319,2
0.197000,55.923206,2
0.382000,55.941090,2
0.368000,55.958965,2
7.242000,55.976837,2
0.227000,55.994701,2
0.408000,56.012562,2
0.283000,56.030415,2
0.521000,56.048264,2
0.364000,56.066105,2
0.390000,56.083942,2
0.511000,56.101772,2
0.473000,56.119598,2
0.208000,56.137417,2
0.702000,56.155231,2
0.355000,56.173038,2
0.457000,56.190842,2
0.353000,56.208637,2
0.365000,56.226429,2
0.353000,56.244213,2
0.156000,56.261993,2
21.973000,56.279766,2
0.352000,56.297535,2
0.415000,56.315296,2
0.388000,56.333054,2
0.310000,56.350803,2
25.319000,56.368549,2
0.732000,56.386292,2
0.218000,56.404026,2
0.346000,56.421757,2
0.282000,56.439480,2
0.459000,56.457199,2
0.518000,56.474911,2
0.334000,56.492619,2
0.372000,56.510319,2
0.382000,56.528015,2
3.799000,56.545704,2
22.770000,56.563389,2
0.356000,56.581070,2
24.969999,56.598743,2
0.424000,56.616413,2
0.255000,56.634075,2
0.616000,56.651733,2
0.505000,56.669384,2
0.697000,56.687031,2
0.378000,56.704670,2
0.208000,56.722305,2
15.809000,56.739937,2
0.549000,56.757561,2
0.393000,56.775181,2
0.356000,56.792793,2
0.357000,56.810402,2
0.262000,56.828003,2
0.859000,56.845600,2
0.303000,56.863194,2
0.221000,56.880779,2
0.212000,56.898361,2
25.879000,56.915936,2
0.470000,56.933506,2
0.232000,56.951069,2
0.263000,56.968628,2
0.217000,56.986183,2
1.938000,57.003731,2
0.548000,57.021275,2
0.391000,57.038811,2
0.434000,57.056343,2
0.317000,57.073868,2
0.712000,57.091389,2
28.938000,57.108906,2
9.963000,57.126415,2
0.255000,57.143921,2
0.687000,57.161419,2
23.215000,57.178913,2
4.469000,57.196404,2
0.542000,57.213886,2
0.414000,57.231365,2
0.218000,57.248837,2
0.445000,57.266304,2
2.015000,57.283768,2
0.402000,57.301224,2
0.457000,57.318676,2
4.747000,57.336121,2
0.461000,57.353561,2
0.777000,57.370998,2
0.235000,57.388428,2
1.338000,57.405853,2
0.191000,57.423275,2
29.591999,57.440689,2
1.119000,57.458099,2
22.854000,57.475502,2
0.229000,57.492901,2
0.585000,57.510296,2
3.694000,57.527683,2
0.223000,57.545067,2
0.381000,57.562443,2
0.209000,57.579815,2
0.385000,57.597183,2
0.436000,57.614544,2
20.115000,57.631901,2
0.368000,57.649254,2
0.206000,57.666599,2
0.441000,57.683941,2
0.459000,57.701275,2
0.217000,57.718605,2
0.423000,57.735931,2
0.256000,57.753250,2
0.518000,57.770565,2
0.864000,57.787876,2
0.388000,57.805180,2
0.408000,57.822479,2
0.257000,57.839775,2
0.442000,57.857063,2
0.365000,57.874348,2
28.358000,57.891628,2
0.353000,57.908901,2
0.646000,57.926170,2
0.635000,57.943432,2
0.331000,57.960690,2
4.427000,57.977943,2
1.782000,57.995190,2
0.481000,58.012432,2
0.223000,58.029671,2
4.401000,58.046902,2
0.184000,58.064129,2
1.442000,58.081352,2
0.194000,58.098568,2
0.323000,58.115780,2
0.464000,58.132988,2
2.200000,58.150188,2
2.102000,58.167385,2
0.389000,58.184578,2
0.299000,58.201763,2
1.937000,58.218945,2
0.361000,58.236122,2
10.009000,58.253292,2
0.355000,58.270458,2
1.172000,58.287621,2
0.363000,58.304775,2
4.228000,58.321926,2
29.254999,58.339073,2
0.333000,58.356213,2
0.394000,58.373348,2
0.437000,58.390480,2
25.950001,58.407604,2
23.912001,58.424725,2
0.421000,58.441841,2
18.862000,58.458954,2
0.462000,58.476059,2
0.417000,58.493160,2
28.216000,58.510258,2
0.272000,58.527348,2
0.376000,58.544434,2
0.933000,58.561516,2
0.616000,58.578590,2
0.163000,58.595661,2
0.399000,58.612728,2
0.389000,58.629787,2
0.387000,58.646843,2
0.436000,58.663895,2
0.446000,58.680943,2
0.408000,58.697983,2
0.449000,58.715019,2
16.732000,58.732052,2
20.485001,58.749077,2
0.804000,58.766098,2
0.246000,58.783115,2
0.368000,58.800129,2
24.504999,58.817135,2
2.745000,58.834137,2
0.381000,58.851135,2
0.340000,58.868126,2
0.210000,58.885113,2
0.401000,58.902096,2
0.353000,58.919075,2
0.405000,58.936047,2
0.365000,58.953014,2
21.639999,58.969978,2
0.378000,58.986935,2
0.496000,59.003887,2
0.353000,59.020836,2
0.351000,59.037781,2
0.355000,59.054718,2
0.370000,59.071651,2
0.430000,59.088581,2
0.437000,59.105503,2
0.249000,59.122421,2
0.459000,59.139336,2
23.059999,59.156246,2
2.541000,59.173149,2
0.224000,59.190048,2
0.436000,59.206944,2
0.534000,59.223835,2
0.499000,59.240719,2
0.405000,59.257599,2
30.452000,59.274475,2
0.460000,59.291348,2
22.847000,59.308212,2
0.573000,59.325073,2
21.334999,59.341930,2
0.434000,59.358784,2
0.353000,59.375629,2
0.219000,59.392471,2
0.550000,59.409309,2
42.541000,59.426144,2
0.713000,59.442970,2
0.713000,59.459793,2
21.834999,59.476612,2
0.378000,59.493427,2
0.714000,59.510235,2
0.281000,59.527039,2
0.446000,59.543839,2
0.382000,59.560635,2
0.567000,59.577423,2
0.439000,59.594208,2
0.324000,59.610989,2
0.349000,59.627766,2
0.411000,59.644535,2
0.590000,59.661301,2
0.272000,59.678062,2
0.355000,59.694820,2
0.232000,59.711571,2
0.445000,59.728317,2
24.062000,59.745060,2
0.399000,59.761799,2
0.410000,59.778530,2
1.720000,59.795258,2
0.732000,59.811981,2
0.198000,59.828701,2
0.711000,59.845417,2
0.492000,59.862125,2
0.455000,59.878830,2
0.607000,59.895531,2
22.475000,59.912228,2
4.388000,59.928917,2
14.645000,59.945602,2
1.335000,59.962284,2
0.446000,59.978962,2
0.373000,59.995636,2
0.659000,60.012302,2
0.238000,60.028965,2
0.478000,60.045624,2
0.449000,60.062279,2
0.416000,60.078930,2
0.350000,60.095573,2
0.401000,60.112213,2
0.269000,60.128849,2
0.375000,60.145481,2
0.521000,60.162106,2
0.566000,60.178726,2
0.401000,60.195343,2
0.328000,60.211956,2
0.377000,60.228565,2
0.496000,60.245167,2
0.390000,60.261765,2
0.372000,60.278358,2
0.377000,60.294949,2
0.354000,60.311535,2
0.358000,60.328114,2
55.584000,60.344688,2
36.341999,60.361259,2
17.458000,60.377827,2
9.876000,60.394390,2
17.082001,60.410950,2
12.497009,60.427502,2
16.833000,60.444050,2
11.439000,60.460594,2
20.705999,60.477135,2
18.118000,60.493671,2
10.899000,60.510201,2
19.166000,60.526726,2
11.629000,60.543247,2
28.921000,60.559765,2
46.542000,60.576279,2
49.153999,60.592789,2
71.596001,60.609291,2
79.971001,60.625790,2
100.378998,60.642284,2
113.274002,60.658775,2
129.604004,60.675262,2
156.718002,60.691742,2
159.705002,60.708218,2
180.667007,60.724689,2
193.781006,60.741158,2
204.350998,60.757622,2
219.843994,60.774082,2
233.563995,60.790535,2
248.479996,60.806984,2
259.100006,60.823429,2
269.908997,60.839870,2
288.002991,60.856308,2
301.148010,60.872742,2
318.403015,60.889168,2
331.531006,60.905590,2
350.671997,60.922009,2
359.451996,60.938423,2
369.968994,60.954834,2
388.272003,60.971241,2
400.798004,60.987640,2
418.481995,61.004036,2
431.437012,61.020428,2
447.746002,61.036816,2
449.264008,61.053200,2
460.449005,61.069580,2
478.343994,61.085957,2
491.592987,61.102325,2
508.352997,61.118690,2
519.888000,61.135052,2
529.317017,61.151409,2
548.156006,61.167763,2
549.682983,61.184113,2
559.895996,61.200459,2
578.538025,61.216797,2
579.625000,61.233131,2
590.668030,61.249462,2
608.682007,61.265789,2
621.581970,61.282112,2
638.026978,61.298431,2
638.976013,61.314747,2
651.127014,61.331055,2
28.545000,61.347359,2
